volume,underlying_price,underlying_index,quote_currency,price_change,open_interest,mid_price,mark_price,low,last,interest_rate,instrument_name,high,estimated_delivery_price,creation_timestamp,bid_price,base_currency,ask_price
29.4,43677.51,BTC-25MAR22,BTC,-9.3458,667.5,0.1055,0.10560364,0.082,0.097,0.0,BTC-25MAR22-45000-P,0.11,43562.57,2022-02-08 13:54:07.305,0.1045,BTC,0.1065
205.4,44413.93,BTC-24JUN22,BTC,5.8965,384.2,0.08625,0.08620018,0.0831,0.088,0.0,BTC-24JUN22-55000-C,0.1,43562.57,2022-02-08 13:54:07.306,0.085,BTC,0.0875
0.0,43531.340924834214,SYN.BTC-10FEB22,BTC,,0.0,,0.14861134,,,0.0,BTC-10FEB22-50000-P,,43562.57,2022-02-08 13:54:07.306,,BTC,
45.9,43584.63,BTC-25FEB22,BTC,22.2222,137.3,0.08625,0.08677012,0.0765,0.0935,0.0,BTC-25FEB22-41000-C,0.095,43562.57,2022-02-08 13:54:07.306,0.0845,BTC,0.088
0.0,44413.75,BTC-24JUN22,BTC,,15.5,0.364,0.36406166,,0.28,0.0,BTC-24JUN22-30000-C,,43562.57,2022-02-08 13:54:07.306,0.36,BTC,0.368
0.0,45863.48,BTC-30DEC22,BTC,,0.0,,1.0336648,,,0.0,BTC-30DEC22-90000-P,,43562.57,2022-02-08 13:54:07.306,,BTC,1.4935
0.0,43513.64,BTC-11FEB22,BTC,,0.0,0.65825,0.60854349,,,0.0,BTC-11FEB22-70000-P,,43562.57,2022-02-08 13:54:07.306,0.108,BTC,1.2085
3.0,43531.340924834214,SYN.BTC-10FEB22,BTC,12.5,3.0,0.03875,0.03921558,0.032,0.036,0.0,BTC-10FEB22-45000-P,0.036,43562.57,2022-02-08 13:54:07.306,0.0365,BTC,0.041
0.0,43677.51,BTC-25MAR22,BTC,,1.2,0.4995,0.49958541,,0.67,0.0,BTC-25MAR22-22000-C,,43562.57,2022-02-08 13:54:07.306,0.4965,BTC,0.5025
0.0,45166.48,BTC-30SEP22,BTC,,265.7,0.001,0.00089796,,0.001,0.0,BTC-30SEP22-400000-C,,43562.57,2022-02-08 13:54:07.306,0.0005,BTC,0.0015
4.7,45166.48,BTC-30SEP22,BTC,0.8523,369.7,0.1785,0.17859356,0.176,0.1775,0.0,BTC-30SEP22-50000-C,0.187,43562.57,2022-02-08 13:54:07.306,0.177,BTC,0.18
15.0,44413.75,BTC-24JUN22,BTC,0.432,35.7,0.458,0.45712827,0.463,0.465,0.0,BTC-24JUN22-25000-C,0.467,43562.57,2022-02-08 13:54:07.306,0.4545,BTC,0.4615
0.0,43584.45,BTC-25FEB22,BTC,,1175.6,,3.281e-05,,0.0005,0.0,BTC-25FEB22-120000-C,,43562.57,2022-02-08 13:54:07.306,,BTC,0.0005
10.7,43584.63,BTC-25FEB22,BTC,5.4217,9.2,0.0855,0.08509161,0.062,0.0875,0.0,BTC-25FEB22-46000-P,0.1135,43562.57,2022-02-08 13:54:07.306,0.0845,BTC,0.0865
5.7,43549.04184905382,SYN.BTC-9FEB22,BTC,0.0,6.0,,8.65e-06,0.0005,0.0005,0.0,BTC-9FEB22-37000-P,0.0005,43562.57,2022-02-08 13:54:07.306,,BTC,0.0005
1.2,45166.48,BTC-30SEP22,BTC,-7.9545,120.7,0.446,0.44703185,0.405,0.405,0.0,BTC-30SEP22-60000-P,0.44,43562.57,2022-02-08 13:54:07.306,0.4395,BTC,0.4525
4.8,45166.48,BTC-30SEP22,BTC,0.0,105.8,0.002,0.00195887,0.002,0.002,0.0,BTC-30SEP22-300000-C,0.002,43562.57,2022-02-08 13:54:07.306,0.0015,BTC,0.0025
25.1,43516.92,BTC-18FEB22,BTC,4.7619,18.1,0.0755,0.07555411,0.051,0.077,0.0,BTC-18FEB22-46000-P,0.0995,43562.57,2022-02-08 13:54:07.306,0.0745,BTC,0.0765
31.8,43960.44846041569,SYN.BTC-29APR22,BTC,-17.3913,98.7,0.07775,0.07774245,0.0655,0.0665,0.0,BTC-29APR22-40000-P,0.0805,43562.57,2022-02-08 13:54:07.306,0.077,BTC,0.0785
10.0,45166.48,BTC-30SEP22,BTC,8.1818,844.2,0.05625,0.05629497,0.0545,0.0595,0.0,BTC-30SEP22-80000-C,0.0595,43562.57,2022-02-08 13:54:07.306,0.055,BTC,0.0575
0.0,43584.45,BTC-25FEB22,BTC,,0.0,0.42225,0.42767048,,,0.0,BTC-25FEB22-25000-C,,43562.57,2022-02-08 13:54:07.306,0.367,BTC,0.4775
0.0,45863.66,BTC-30DEC22,BTC,,0.0,0.5085,0.50974404,,,0.0,BTC-30DEC22-25000-C,,43562.57,2022-02-08 13:54:07.306,0.5035,BTC,0.5135
0.0,43677.51,BTC-25MAR22,BTC,,955.8,,9.24e-06,,0.0005,0.0,BTC-25MAR22-400000-C,,43562.57,2022-02-08 13:54:07.306,,BTC,0.0005
0.0,43584.63,BTC-25FEB22,BTC,,0.1,0.53575,0.54144162,,0.4625,0.0,BTC-25FEB22-20000-C,,43562.57,2022-02-08 13:54:07.306,0.481,BTC,0.5905
0.0,45166.48,BTC-30SEP22,BTC,,488.5,0.2855,0.28551583,,0.3464,0.0,BTC-30SEP22-50000-P,,43562.57,2022-02-08 13:54:07.306,0.28,BTC,0.291
6.3,45863.48,BTC-30DEC22,BTC,-0.321,51.6,0.31625,0.31577405,0.3105,0.3105,0.0,BTC-30DEC22-50000-P,0.3115,43562.57,2022-02-08 13:54:07.306,0.31,BTC,0.3225
6.3,43516.74,BTC-18FEB22,BTC,-33.3333,299.3,0.00075,0.00071825,0.001,0.001,0.0,BTC-18FEB22-28000-P,0.0015,43562.57,2022-02-08 13:54:07.306,0.0005,BTC,0.001
0.0,43513.64,BTC-11FEB22,BTC,,47.2,0.22875,0.21908677,,0.2,0.0,BTC-11FEB22-34000-C,,43562.57,2022-02-08 13:54:07.306,0.1185,BTC,0.339
15.1,43516.92,BTC-18FEB22,BTC,-31.3725,316.1,0.00375,0.00373022,0.0035,0.0035,0.0,BTC-18FEB22-36000-P,0.0051,43562.57,2022-02-08 13:54:07.306,0.0035,BTC,0.004
0.0,43549.04184905382,SYN.BTC-9FEB22,BTC,,0.0,,0.21934149,,,0.0,BTC-9FEB22-34000-C,,43562.57,2022-02-08 13:54:07.306,,BTC,
75.9,43513.64,BTC-11FEB22,BTC,3.3058,478.7,0.06225,0.06253544,0.059,0.0625,0.0,BTC-11FEB22-41000-C,0.0965,43562.57,2022-02-08 13:54:07.306,0.06,BTC,0.0645
10.5,44413.75,BTC-24JUN22,BTC,0.8246,80.1,0.6665,0.66653195,0.667,0.6725,0.0,BTC-24JUN22-15000-C,0.673,43562.57,2022-02-08 13:54:07.306,0.663,BTC,0.67
4.2,43960.44846041569,SYN.BTC-29APR22,BTC,-10.0386,4.9,0.13375,0.13478215,0.115,0.1165,0.0,BTC-29APR22-45000-P,0.1295,43562.57,2022-02-08 13:54:07.306,0.1325,BTC,0.135
2.0,45166.48,BTC-30SEP22,BTC,0.0,1210.1,0.003,0.00297383,0.003,0.003,0.0,BTC-30SEP22-250000-C,0.003,43562.57,2022-02-08 13:54:07.306,0.0025,BTC,0.0035
39.3,43960.44846041569,SYN.BTC-29APR22,BTC,0.0,81.5,0.0605,0.06062521,0.052,0.0625,0.0,BTC-29APR22-38000-P,0.0625,43562.57,2022-02-08 13:54:07.306,0.06,BTC,0.061
511.1,44413.75,BTC-24JUN22,BTC,3.8235,2056.7,0.03625,0.0362912,0.034,0.0353,0.0,BTC-24JUN22-70000-C,0.0425,43562.57,2022-02-08 13:54:07.306,0.0355,BTC,0.037
17.6,45863.48,BTC-30DEC22,BTC,4.386,755.9,0.05625,0.05634748,0.0565,0.0595,0.0,BTC-30DEC22-100000-C,0.0595,43562.57,2022-02-08 13:54:07.306,0.055,BTC,0.0575
0.0,43677.51,BTC-25MAR22,BTC,,34.2,0.63475,0.63493972,,0.5525,0.0,BTC-25MAR22-16000-C,,43562.57,2022-02-08 13:54:07.306,0.632,BTC,0.6375
342.3,43549.04184905382,SYN.BTC-9FEB22,BTC,-22.0,247.0,0.01775,0.01811492,0.005,0.0195,0.0,BTC-9FEB22-44000-P,0.025,43562.57,2022-02-08 13:54:07.306,0.017,BTC,0.0185
0.0,43960.44846041569,SYN.BTC-29APR22,BTC,,0.0,,0.39455121,,,0.0,BTC-29APR22-60000-P,,43562.57,2022-02-08 13:54:07.306,,BTC,0.6295
0.0,44413.75,BTC-24JUN22,BTC,,340.6,0.00075,0.00071787,,0.001,0.0,BTC-24JUN22-300000-C,,43562.57,2022-02-08 13:54:07.306,0.0005,BTC,0.001
0.1,43584.63,BTC-25FEB22,BTC,0.0,54.2,0.16025,0.16054108,0.1705,0.1705,0.0,BTC-25FEB22-37000-C,0.1705,43562.57,2022-02-08 13:54:07.306,0.157,BTC,0.1635
108.5,43584.63,BTC-25FEB22,BTC,0.361,287.8,0.1395,0.14048491,0.1385,0.139,0.0,BTC-25FEB22-38000-C,0.15,43562.57,2022-02-08 13:54:07.306,0.1375,BTC,0.1415
0.0,44413.75,BTC-24JUN22,BTC,,0.0,,2.38056073,,,0.0,BTC-24JUN22-150000-P,,43562.57,2022-02-08 13:54:07.306,,BTC,
180.3,43516.74,BTC-18FEB22,BTC,22.2222,344.4,0.00525,0.00523887,0.0045,0.0055,0.0,BTC-18FEB22-50000-C,0.0115,43562.57,2022-02-08 13:54:07.306,0.005,BTC,0.0055
0.0,45166.66,BTC-30SEP22,BTC,,1.0,,1.67487525,,1.255,0.0,BTC-30SEP22-120000-P,,43562.57,2022-02-08 13:54:07.306,,BTC,2.022
404.5,43677.51,BTC-25MAR22,BTC,30.7692,747.9,0.00825,0.00826986,0.0065,0.0085,0.0,BTC-25MAR22-65000-C,0.0095,43562.57,2022-02-08 13:54:07.306,0.008,BTC,0.0085
0.0,43549.04184905382,SYN.BTC-9FEB22,BTC,,0.0,,0.10222374,,,0.0,BTC-9FEB22-48000-P,,43562.57,2022-02-08 13:54:07.306,,BTC,
0.0,43516.74,BTC-18FEB22,BTC,,33.3,0.177,0.17646465,,0.0805,0.0,BTC-18FEB22-36000-C,,43562.57,2022-02-08 13:54:07.306,0.173,BTC,0.181
0.0,43531.340924834214,SYN.BTC-10FEB22,BTC,,0.0,,0.00011809,,,0.0,BTC-10FEB22-50000-C,,43562.57,2022-02-08 13:54:07.306,,BTC,0.0005
0.1,45863.48,BTC-30DEC22,BTC,0.0,61.2,0.47325,0.47245073,0.46,0.46,0.0,BTC-30DEC22-60000-P,0.46,43562.57,2022-02-08 13:54:07.306,0.4655,BTC,0.481
0.0,45166.48,BTC-30SEP22,BTC,,0.0,,7.85627613,,,0.0,BTC-30SEP22-400000-P,,43562.57,2022-02-08 13:54:07.306,,BTC,
0.0,43531.340924834214,SYN.BTC-10FEB22,BTC,,0.0,,0.10508015,,,0.0,BTC-10FEB22-39000-C,,43562.57,2022-02-08 13:54:07.306,,BTC,
20.4,45166.66,BTC-30SEP22,BTC,5.5556,244.8,0.01825,0.01826179,0.018,0.019,0.0,BTC-30SEP22-120000-C,0.019,43562.57,2022-02-08 13:54:07.306,0.0175,BTC,0.019
483.3,44413.75,BTC-24JUN22,BTC,4.2857,4068.0,0.21375,0.21414111,0.203,0.2117,0.0,BTC-24JUN22-40000-C,0.2175,43562.57,2022-02-08 13:54:07.306,0.212,BTC,0.2155
0.0,43549.04184905382,SYN.BTC-9FEB22,BTC,,0.0,,0.12753717,,,0.0,BTC-9FEB22-38000-C,,43562.57,2022-02-08 13:54:07.306,,BTC,
107.5,43513.64,BTC-11FEB22,BTC,30.7692,66.2,0.043,0.04314166,0.0195,0.0425,0.0,BTC-11FEB22-45000-P,0.0425,43562.57,2022-02-08 13:54:07.307,0.0415,BTC,0.0445
0.0,43513.64,BTC-11FEB22,BTC,,0.0,0.54225,0.54041615,,,0.0,BTC-11FEB22-20000-C,,43562.57,2022-02-08 13:54:07.307,0.52,BTC,0.5645
4.1,45863.48,BTC-30DEC22,BTC,3.8117,337.3,0.2255,0.22564257,0.223,0.2315,0.0,BTC-30DEC22-50000-C,0.232,43562.57,2022-02-08 13:54:07.307,0.2235,BTC,0.2275
0.3,43584.63,BTC-25FEB22,BTC,0.0,158.1,0.159,0.15848373,0.15,0.155,0.0,BTC-25FEB22-50000-P,0.155,43562.57,2022-02-08 13:54:07.307,0.1545,BTC,0.1635
45.1,43960.44846041569,SYN.BTC-29APR22,BTC,-3.2653,68.8,0.1215,0.12107926,0.1185,0.1185,0.0,BTC-29APR22-44000-C,0.127,43562.57,2022-02-08 13:54:07.307,0.1205,BTC,0.1225
66.5,43549.04184905382,SYN.BTC-9FEB22,BTC,0.0,65.5,,0.00011759,0.0005,0.0005,0.0,BTC-9FEB22-48000-C,0.0015,43562.57,2022-02-08 13:54:07.307,,BTC,0.0005
0.0,43960.44846041569,SYN.BTC-29APR22,BTC,,0.0,,0.60619087,,,0.0,BTC-29APR22-70000-P,,43562.57,2022-02-08 13:54:07.307,,BTC,0.814
0.0,43513.82,BTC-11FEB22,BTC,,18.9,,5e-08,,0.0005,0.0,BTC-11FEB22-65000-C,,43562.57,2022-02-08 13:54:07.307,,BTC,0.0005
0.0,44413.75,BTC-24JUN22,BTC,,0.0,0.32375,0.32457215,,,0.0,BTC-24JUN22-55000-P,,43562.57,2022-02-08 13:54:07.307,0.321,BTC,0.3265
47.9,43549.04184905382,SYN.BTC-9FEB22,BTC,-66.6667,35.2,,0.00043874,0.0005,0.0005,0.0,BTC-9FEB22-40000-P,0.002,43562.57,2022-02-08 13:54:07.307,,BTC,0.0005
20.8,43516.74,BTC-18FEB22,BTC,-33.3333,291.6,0.0025,0.00246151,0.002,0.002,0.0,BTC-18FEB22-34000-P,0.003,43562.57,2022-02-08 13:54:07.307,0.002,BTC,0.003
0.0,43531.340924834214,SYN.BTC-10FEB22,BTC,,0.0,,0.19444374,,,0.0,BTC-10FEB22-52000-P,,43562.57,2022-02-08 13:54:07.307,,BTC,
1.5,43516.74,BTC-18FEB22,BTC,0.0,280.3,,0.00044588,0.0005,0.0005,0.0,BTC-18FEB22-25000-P,0.0005,43562.57,2022-02-08 13:54:07.307,,BTC,0.001
3.8,43513.64,BTC-11FEB22,BTC,0.0,3.8,,0.06195929,0.0475,0.0475,0.0,BTC-11FEB22-46000-P,0.0475,43562.57,2022-02-08 13:54:07.307,,BTC,0.1035
0.1,43677.69,BTC-25MAR22,BTC,0.0,339.2,,7.428e-05,0.0005,0.0005,0.0,BTC-25MAR22-300000-C,0.0005,43562.57,2022-02-08 13:54:07.307,,BTC,0.0005
33.7,43516.74,BTC-18FEB22,BTC,-14.2857,148.5,0.00275,0.00272751,0.0025,0.003,0.0,BTC-18FEB22-35000-P,0.004,43562.57,2022-02-08 13:54:07.307,0.0025,BTC,0.003
0.0,43584.63,BTC-25FEB22,BTC,,0.0,0.399,0.40468782,,,0.0,BTC-25FEB22-26000-C,,43562.57,2022-02-08 13:54:07.307,0.3445,BTC,0.4535
0.1,43516.74,BTC-18FEB22,BTC,0.0,126.5,0.13275,0.13324065,0.132,0.132,0.0,BTC-18FEB22-38000-C,0.132,43562.57,2022-02-08 13:54:07.307,0.13,BTC,0.1355
26.8,43960.44846041569,SYN.BTC-29APR22,BTC,0.0,125.7,0.1115,0.11122035,0.109,0.109,0.0,BTC-29APR22-45000-C,0.1245,43562.57,2022-02-08 13:54:07.307,0.1105,BTC,0.1125
5.0,45863.48,BTC-30DEC22,BTC,0.0,111.0,0.00875,0.00874863,0.0085,0.0085,0.0,BTC-30DEC22-250000-C,0.0085,43562.57,2022-02-08 13:54:07.307,0.008,BTC,0.0095
0.0,45166.48,BTC-30SEP22,BTC,,653.5,0.27025,0.27108894,,0.26,0.0,BTC-30SEP22-40000-C,,43562.57,2022-02-08 13:54:07.307,0.2655,BTC,0.275
0.0,43584.45,BTC-25FEB22,BTC,,53.7,,0.37828522,,0.4435,0.0,BTC-25FEB22-60000-P,,43562.57,2022-02-08 13:54:07.307,,BTC,
0.2,43549.04184905382,SYN.BTC-9FEB22,BTC,0.0,0.2,,3.79e-06,0.0005,0.0005,0.0,BTC-9FEB22-50000-C,0.0005,43562.57,2022-02-08 13:54:07.307,,BTC,0.0005
2.1,43584.63,BTC-25FEB22,BTC,-50.0,248.5,0.00075,0.00079143,0.0005,0.0005,0.0,BTC-25FEB22-24000-P,0.001,43562.57,2022-02-08 13:54:07.307,0.0005,BTC,0.001
1.0,45166.48,BTC-30SEP22,BTC,0.0,838.2,0.00475,0.00471536,0.005,0.005,0.0,BTC-30SEP22-200000-C,0.005,43562.57,2022-02-08 13:54:07.307,0.004,BTC,0.0055
3.4,43584.63,BTC-25FEB22,BTC,-19.2568,155.5,0.1205,0.12112282,0.1195,0.1195,0.0,BTC-25FEB22-39000-C,0.148,43562.57,2022-02-08 13:54:07.307,0.1185,BTC,0.1225
0.2,45863.66,BTC-30DEC22,BTC,0.0,169.0,0.014,0.01396132,0.014,0.014,0.0,BTC-30DEC22-15000-P,0.014,43562.57,2022-02-08 13:54:07.307,0.0135,BTC,0.0145
0.0,45166.66,BTC-30SEP22,BTC,,559.8,0.0205,0.02047287,,0.0217,0.0,BTC-30SEP22-20000-P,,43562.57,2022-02-08 13:54:07.307,0.02,BTC,0.021
0.3,44413.75,BTC-24JUN22,BTC,0.0,108.6,0.2825,0.28249586,0.2975,0.2975,0.0,BTC-24JUN22-35000-C,0.2975,43562.57,2022-02-08 13:54:07.307,0.278,BTC,0.287
0.0,43677.51,BTC-25MAR22,BTC,,0.2,,1.06230599,,1.4675,0.0,BTC-25MAR22-90000-P,,43562.57,2022-02-08 13:54:07.307,,BTC,
0.0,43584.63,BTC-25FEB22,BTC,,4.8,,0.31396014,,0.2305,0.0,BTC-25FEB22-30000-C,,43562.57,2022-02-08 13:54:07.307,0.0005,BTC,
26.5,43531.340924834214,SYN.BTC-10FEB22,BTC,147.619,25.5,0.02225,0.022815,0.0105,0.026,0.0,BTC-10FEB22-44000-P,0.026,43562.57,2022-02-08 13:54:07.307,0.0215,BTC,0.023
376.3,43513.64,BTC-11FEB22,BTC,10.7143,910.5,0.0165,0.01635562,0.013,0.0155,0.0,BTC-11FEB22-44000-C,0.04,43562.57,2022-02-08 13:54:07.307,0.016,BTC,0.017
0.0,43677.51,BTC-25MAR22,BTC,,27.5,0.54425,0.54437195,,0.444,0.0,BTC-25MAR22-20000-C,,43562.57,2022-02-08 13:54:07.307,0.5415,BTC,0.547
5.0,45863.48,BTC-30DEC22,BTC,0.0,46.0,0.0055,0.00536978,0.007,0.007,0.0,BTC-30DEC22-300000-C,0.007,43562.57,2022-02-08 13:54:07.307,0.004,BTC,0.007
285.2,43549.04184905382,SYN.BTC-9FEB22,BTC,-62.1622,213.3,0.007,0.00690821,0.002,0.007,0.0,BTC-9FEB22-43000-P,0.0185,43562.57,2022-02-08 13:54:07.307,0.0065,BTC,0.0075
0.0,43516.74,BTC-18FEB22,BTC,,0.0,,0.0934155,,,0.0,BTC-18FEB22-47000-P,,43562.57,2022-02-08 13:54:07.307,,BTC,0.1735
11.5,45166.48,BTC-30SEP22,BTC,3.2787,385.4,0.03025,0.0302675,0.0295,0.0315,0.0,BTC-30SEP22-100000-C,0.0315,43562.57,2022-02-08 13:54:07.307,0.0295,BTC,0.031
5.9,45863.66,BTC-30DEC22,BTC,2.0661,244.2,0.122,0.12216606,0.121,0.1235,0.0,BTC-30DEC22-70000-C,0.1235,43562.57,2022-02-08 13:54:07.307,0.1205,BTC,0.1235
0.0,43516.74,BTC-18FEB22,BTC,,0.0,0.33725,0.35728947,,,0.0,BTC-18FEB22-28000-C,,43562.57,2022-02-08 13:54:07.307,0.237,BTC,0.4375
0.0,45166.66,BTC-30SEP22,BTC,,0.0,,5.6434925,,,0.0,BTC-30SEP22-300000-P,,43562.57,2022-02-08 13:54:07.307,,BTC,
0.0,43549.04184905382,SYN.BTC-9FEB22,BTC,,0.0,,0.08201695,,,0.0,BTC-9FEB22-40000-C,,43562.57,2022-02-08 13:54:07.307,,BTC,
0.0,43584.63,BTC-25FEB22,BTC,,0.0,,1.06489604,,,0.0,BTC-25FEB22-90000-P,,43562.57,2022-02-08 13:54:07.307,,BTC,
1.0,43549.04184905382,SYN.BTC-9FEB22,BTC,0.0,1.1,,3.787e-05,0.0005,0.0005,0.0,BTC-9FEB22-38000-P,0.0005,43562.57,2022-02-08 13:54:07.307,,BTC,0.0005
0.0,45166.48,BTC-30SEP22,BTC,,67.2,0.486,0.48574236,,0.488,0.0,BTC-30SEP22-25000-C,,43562.57,2022-02-08 13:54:07.307,0.481,BTC,0.491
0.0,43549.04184905382,SYN.BTC-9FEB22,BTC,,0.0,,0.07961007,,,0.0,BTC-9FEB22-47000-P,,43562.57,2022-02-08 13:54:07.307,,BTC,
112.4,43584.63,BTC-25FEB22,BTC,-6.7797,118.9,0.0275,0.02748684,0.0199,0.0275,0.0,BTC-25FEB22-41000-P,0.0295,43562.57,2022-02-08 13:54:07.307,0.027,BTC,0.028
65.1,43531.340924834214,SYN.BTC-10FEB22,BTC,-55.102,64.8,0.01225,0.01214094,0.0105,0.011,0.0,BTC-10FEB22-44000-C,0.0245,43562.57,2022-02-08 13:54:07.307,0.0115,BTC,0.013
0.0,43549.04184905382,SYN.BTC-9FEB22,BTC,,0.0,,2e-08,,,0.0,BTC-9FEB22-34000-P,,43562.57,2022-02-08 13:54:07.307,,BTC,0.0005
197.1,43960.44846041569,SYN.BTC-29APR22,BTC,7.2727,720.7,0.02975,0.02980215,0.027,0.0295,0.0,BTC-29APR22-60000-C,0.0365,43562.57,2022-02-08 13:54:07.307,0.029,BTC,0.0305
0.0,43960.44846041569,SYN.BTC-29APR22,BTC,,0.0,0.208,0.20856516,,,0.0,BTC-29APR22-50000-P,,43562.57,2022-02-08 13:54:07.307,0.2045,BTC,0.2115
0.0,43584.63,BTC-25FEB22,BTC,,0.0,,0.35929195,,,0.0,BTC-25FEB22-28000-C,,43562.57,2022-02-08 13:54:07.307,,BTC,
387.1,43513.64,BTC-11FEB22,BTC,-38.0,273.3,0.0155,0.01560306,0.007,0.0155,0.0,BTC-11FEB22-43000-P,0.0255,43562.57,2022-02-08 13:54:07.307,0.015,BTC,0.016
217.2,43677.51,BTC-25MAR22,BTC,-6.3063,1394.8,0.05125,0.05126507,0.04,0.052,0.0,BTC-25MAR22-40000-P,0.0555,43562.57,2022-02-08 13:54:07.307,0.0505,BTC,0.052
267.7,43516.74,BTC-18FEB22,BTC,-16.6667,244.7,0.00475,0.00479303,0.004,0.005,0.0,BTC-18FEB22-37000-P,0.0068,43562.57,2022-02-08 13:54:07.307,0.0045,BTC,0.005
0.0,43531.340924834214,SYN.BTC-10FEB22,BTC,,0.0,,0.08263375,,,0.0,BTC-10FEB22-40000-C,,43562.57,2022-02-08 13:54:07.307,,BTC,
0.0,44413.93,BTC-24JUN22,BTC,,0.0,0.41025,0.51109328,,,0.0,BTC-24JUN22-65000-P,,43562.57,2022-02-08 13:54:07.307,0.0005,BTC,0.82
20.3,43549.04184905382,SYN.BTC-9FEB22,BTC,29.0909,15.4,,0.05692431,0.022,0.0355,0.0,BTC-9FEB22-46000-P,0.0355,43562.57,2022-02-08 13:54:07.308,0.0065,BTC,
0.0,45863.66,BTC-30DEC22,BTC,,0.0,,1.65353498,,,0.0,BTC-30DEC22-120000-P,,43562.57,2022-02-08 13:54:07.308,,BTC,2.093
4.7,43531.340924834214,SYN.BTC-10FEB22,BTC,-41.5584,4.6,0.02375,0.02374977,0.021,0.0225,0.0,BTC-10FEB22-43000-C,0.0385,43562.57,2022-02-08 13:54:07.308,0.023,BTC,0.0245
0.0,43516.74,BTC-18FEB22,BTC,,0.0,,0.37903319,,,0.0,BTC-18FEB22-60000-P,,43562.57,2022-02-08 13:54:07.308,,BTC,0.7795
3.1,43531.340924834214,SYN.BTC-10FEB22,BTC,0.0,3.1,0.00075,0.00073363,0.0005,0.0005,0.0,BTC-10FEB22-48000-C,0.0005,43562.57,2022-02-08 13:54:07.308,0.0005,BTC,0.001
2.0,44413.75,BTC-24JUN22,BTC,0.0,1666.0,0.0035,0.00347994,0.004,0.004,0.0,BTC-24JUN22-150000-C,0.004,43562.57,2022-02-08 13:54:07.308,0.003,BTC,0.004
0.0,44413.75,BTC-24JUN22,BTC,,0.0,,5.75487945,,,0.0,BTC-24JUN22-300000-P,,43562.57,2022-02-08 13:54:07.308,,BTC,
4.4,43513.82,BTC-11FEB22,BTC,0.0,677.3,,7.628e-05,0.0005,0.0005,0.0,BTC-11FEB22-32000-P,0.0005,43562.57,2022-02-08 13:54:07.308,,BTC,0.0005
140.4,43584.63,BTC-25FEB22,BTC,0.0,937.1,0.00375,0.00377056,0.0035,0.004,0.0,BTC-25FEB22-55000-C,0.0065,43562.57,2022-02-08 13:54:07.308,0.0035,BTC,0.004
0.0,43584.45,BTC-25FEB22,BTC,,142.6,,5.356e-05,,0.0001,0.0,BTC-25FEB22-110000-C,,43562.57,2022-02-08 13:54:07.308,,BTC,0.0005
18.6,43677.69,BTC-25MAR22,BTC,-16.6667,1619.2,0.003,0.00298118,0.0025,0.0025,0.0,BTC-25MAR22-80000-C,0.0035,43562.57,2022-02-08 13:54:07.308,0.0025,BTC,0.0035
0.0,43677.51,BTC-25MAR22,BTC,,1010.6,0.001,0.00090411,,0.0005,0.0,BTC-25MAR22-120000-C,,43562.57,2022-02-08 13:54:07.308,0.0005,BTC,0.0015
0.0,43531.340924834214,SYN.BTC-10FEB22,BTC,,0.0,,0.17322792,,,0.0,BTC-10FEB22-36000-C,,43562.57,2022-02-08 13:54:07.308,,BTC,
290.8,43677.69,BTC-25MAR22,BTC,6.4748,1464.9,0.0755,0.0753238,0.0695,0.074,0.0,BTC-25MAR22-45000-C,0.0925,43562.57,2022-02-08 13:54:07.308,0.0745,BTC,0.0765
63.8,43677.51,BTC-25MAR22,BTC,-4.2553,2546.3,0.02225,0.02225461,0.0175,0.0225,0.0,BTC-25MAR22-35000-P,0.0235,43562.57,2022-02-08 13:54:07.308,0.022,BTC,0.0225
0.0,43677.69,BTC-25MAR22,BTC,,1.8,,1.74832229,,1.374,0.0,BTC-25MAR22-120000-P,,43562.57,2022-02-08 13:54:07.308,,BTC,
1.1,43677.69,BTC-25MAR22,BTC,-1.9663,75.1,0.16675,0.16692044,0.1745,0.1745,0.0,BTC-25MAR22-38000-C,0.178,43562.57,2022-02-08 13:54:07.308,0.164,BTC,0.1695
119.9,43516.74,BTC-18FEB22,BTC,-33.3333,252.2,0.0015,0.00145503,0.001,0.001,0.0,BTC-18FEB22-55000-C,0.0025,43562.57,2022-02-08 13:54:07.308,0.001,BTC,0.002
0.0,43531.340924834214,SYN.BTC-10FEB22,BTC,,0.0,,0.10328714,,,0.0,BTC-10FEB22-48000-P,,43562.57,2022-02-08 13:54:07.308,,BTC,
4.8,43677.69,BTC-25MAR22,BTC,-4.4444,349.2,0.10825,0.10815072,0.106,0.1075,0.0,BTC-25MAR22-42000-C,0.124,43562.57,2022-02-08 13:54:07.308,0.107,BTC,0.1095
6.8,45863.48,BTC-30DEC22,BTC,12.0,108.9,0.01275,0.0127647,0.0125,0.014,0.0,BTC-30DEC22-200000-C,0.014,43562.57,2022-02-08 13:54:07.308,0.012,BTC,0.0135
0.0,43677.69,BTC-25MAR22,BTC,,0.0,0.2815,0.28081767,,,0.0,BTC-25MAR22-32000-C,,43562.57,2022-02-08 13:54:07.308,0.278,BTC,0.285
119.0,43513.64,BTC-11FEB22,BTC,-42.1053,107.1,0.00475,0.00468233,0.002,0.0055,0.0,BTC-11FEB22-41000-P,0.0095,43562.57,2022-02-08 13:54:07.308,0.0045,BTC,0.005
290.5,43584.63,BTC-25FEB22,BTC,-8.5366,1234.7,0.021,0.02091036,0.014,0.0225,0.0,BTC-25FEB22-40000-P,0.0246,43562.57,2022-02-08 13:54:07.308,0.0205,BTC,0.0215
0.0,43531.340924834214,SYN.BTC-10FEB22,BTC,,0.0,,0.21903536,,,0.0,BTC-10FEB22-34000-C,,43562.57,2022-02-08 13:54:07.308,,BTC,
7.1,45863.48,BTC-30DEC22,BTC,4.2553,490.8,0.0225,0.0225357,0.0235,0.0245,0.0,BTC-30DEC22-150000-C,0.025,43562.57,2022-02-08 13:54:07.308,0.0215,BTC,0.0235
4.1,45863.48,BTC-30DEC22,BTC,5.3571,202.3,0.03075,0.03063128,0.028,0.0295,0.0,BTC-30DEC22-20000-P,0.0295,43562.57,2022-02-08 13:54:07.308,0.0295,BTC,0.032
0.0,43584.63,BTC-25FEB22,BTC,,61.8,,0.26559442,,0.58,0.0,BTC-25FEB22-55000-P,,43562.57,2022-02-08 13:54:07.308,,BTC,0.35
105.8,43584.63,BTC-25FEB22,BTC,-19.3548,900.0,0.005,0.00496166,0.0045,0.005,0.0,BTC-25FEB22-34000-P,0.0062,43562.57,2022-02-08 13:54:07.308,0.0045,BTC,0.0055
0.0,43584.63,BTC-25FEB22,BTC,,1.0,,0.72101415,,0.946,0.0,BTC-25FEB22-75000-P,,43562.57,2022-02-08 13:54:07.308,,BTC,
61.7,45166.48,BTC-30SEP22,BTC,1.2658,1361.0,0.08075,0.08068124,0.0775,0.08,0.0,BTC-30SEP22-70000-C,0.084,43562.57,2022-02-08 13:54:07.308,0.0795,BTC,0.082
0.0,43549.04184905382,SYN.BTC-9FEB22,BTC,,0.0,,0.05951498,,,0.0,BTC-9FEB22-41000-C,,43562.57,2022-02-08 13:54:07.308,0.0355,BTC,
0.1,45863.66,BTC-30DEC22,BTC,0.0,90.8,0.31225,0.31351254,0.3185,0.3185,0.0,BTC-30DEC22-40000-C,0.3185,43562.57,2022-02-08 13:54:07.308,0.307,BTC,0.3175
16.5,43513.64,BTC-11FEB22,BTC,-50.0,533.1,,0.00038002,0.0005,0.0005,0.0,BTC-11FEB22-35000-P,0.001,43562.57,2022-02-08 13:54:07.308,,BTC,0.0005
21.0,43584.63,BTC-25FEB22,BTC,11.9048,1086.5,0.07125,0.07178102,0.063,0.0705,0.0,BTC-25FEB22-42000-C,0.0865,43562.57,2022-02-08 13:54:07.308,0.0705,BTC,0.072
0.0,43513.64,BTC-11FEB22,BTC,,52.9,,0.00015075,,0.001,0.0,BTC-11FEB22-52000-C,,43562.57,2022-02-08 13:54:07.308,,BTC,0.001
40.5,43960.44846041569,SYN.BTC-29APR22,BTC,4.4776,627.2,0.07125,0.07127428,0.067,0.07,0.0,BTC-29APR22-50000-C,0.078,43562.57,2022-02-08 13:54:07.308,0.0705,BTC,0.072
265.5,43584.63,BTC-25FEB22,BTC,32.0755,653.9,0.0185,0.01854767,0.0159,0.021,0.0,BTC-25FEB22-48000-C,0.0305,43562.57,2022-02-08 13:54:07.308,0.018,BTC,0.019
99.2,44413.75,BTC-24JUN22,BTC,-5.0,1229.8,0.02,0.01997507,0.0175,0.019,0.0,BTC-24JUN22-25000-P,0.02,43562.57,2022-02-08 13:54:07.308,0.0195,BTC,0.0205
0.0,43513.64,BTC-11FEB22,BTC,,0.0,0.36675,0.35658387,,,0.0,BTC-11FEB22-28000-C,,43562.57,2022-02-08 13:54:07.308,0.2565,BTC,0.477
3.2,44413.93,BTC-24JUN22,BTC,-1.2195,5.4,0.172,0.17228671,0.15,0.162,0.0,BTC-24JUN22-45000-P,0.164,43562.57,2022-02-08 13:54:07.308,0.1705,BTC,0.1735
0.0,45166.66,BTC-30SEP22,BTC,,0.0,0.33125,0.33151245,,,0.0,BTC-30SEP22-35000-C,,43562.57,2022-02-08 13:54:07.308,0.3265,BTC,0.336
241.2,44413.75,BTC-24JUN22,BTC,4.878,3015.7,0.06375,0.06380045,0.0595,0.0645,0.0,BTC-24JUN22-60000-C,0.0745,43562.57,2022-02-08 13:54:07.308,0.063,BTC,0.0645
0.0,43584.63,BTC-25FEB22,BTC,,1.5,0.12075,0.11987456,,0.295,0.0,BTC-25FEB22-48000-P,,43562.57,2022-02-08 13:54:07.308,0.117,BTC,0.1245
115.4,43516.74,BTC-18FEB22,BTC,-20.354,78.2,0.04525,0.04527271,0.0285,0.045,0.0,BTC-18FEB22-44000-P,0.0565,43562.57,2022-02-08 13:54:07.308,0.0445,BTC,0.046
0.1,44413.75,BTC-24JUN22,BTC,0.0,205.8,0.4135,0.41473097,0.688,0.688,0.0,BTC-24JUN22-60000-P,0.688,43562.57,2022-02-08 13:54:07.308,0.4015,BTC,0.4255
0.0,43513.64,BTC-11FEB22,BTC,,0.0,,0.49364757,,,0.0,BTC-11FEB22-65000-P,,43562.57,2022-02-08 13:54:07.308,,BTC,1.094
0.0,45166.48,BTC-30SEP22,BTC,,0.0,,6.74989332,,,0.0,BTC-30SEP22-350000-P,,43562.57,2022-02-08 13:54:07.308,,BTC,
72.8,43960.44846041569,SYN.BTC-29APR22,BTC,-14.9306,255.9,0.0265,0.02643948,0.022,0.0245,0.0,BTC-29APR22-32000-P,0.0288,43562.57,2022-02-08 13:54:07.308,0.026,BTC,0.027
19.7,43531.340924834214,SYN.BTC-10FEB22,BTC,-59.2593,17.7,0.0055,0.00557166,0.0045,0.0055,0.0,BTC-10FEB22-45000-C,0.0135,43562.57,2022-02-08 13:54:07.308,0.005,BTC,0.006
258.7,43516.74,BTC-18FEB22,BTC,-31.7647,237.9,0.0065,0.00645497,0.0045,0.0058,0.0,BTC-18FEB22-38000-P,0.0085,43562.57,2022-02-08 13:54:07.308,0.006,BTC,0.007
0.0,43677.69,BTC-25MAR22,BTC,,17.9,0.656,0.65747846,,0.58,0.0,BTC-25MAR22-15000-C,,43562.57,2022-02-08 13:54:07.308,0.652,BTC,0.66
0.0,45166.48,BTC-30SEP22,BTC,,22.2,0.8095,1.03285493,,0.7755,0.0,BTC-30SEP22-90000-P,,43562.57,2022-02-08 13:54:07.308,0.2,BTC,1.419
41.2,43584.63,BTC-25FEB22,BTC,-14.6789,38.3,0.04525,0.04535251,0.033,0.0465,0.0,BTC-25FEB22-43000-P,0.0545,43562.57,2022-02-08 13:54:07.308,0.0445,BTC,0.046
0.0,43513.64,BTC-11FEB22,BTC,,0.0,,0.19506876,,,0.0,BTC-11FEB22-52000-P,,43562.57,2022-02-08 13:54:07.308,,BTC,0.7955
0.0,43513.64,BTC-11FEB22,BTC,,107.9,,1.49e-06,,0.0002,0.0,BTC-11FEB22-60000-C,,43562.57,2022-02-08 13:54:07.308,,BTC,0.0005
12.0,45863.48,BTC-30DEC22,BTC,5.5556,574.6,0.164,0.16421745,0.162,0.171,0.0,BTC-30DEC22-60000-C,0.171,43562.57,2022-02-08 13:54:07.308,0.162,BTC,0.166
0.0,43960.44846041569,SYN.BTC-29APR22,BTC,,0.0,,0.54931962,,,0.0,BTC-29APR22-20000-C,,43562.57,2022-02-08 13:54:07.308,,BTC,
0.0,43513.64,BTC-11FEB22,BTC,,0.0,0.25175,0.24187652,,,0.0,BTC-11FEB22-33000-C,,43562.57,2022-02-08 13:54:07.308,0.1415,BTC,0.362
0.0,44413.75,BTC-24JUN22,BTC,,1.0,,1.04126205,,0.7,0.0,BTC-24JUN22-90000-P,,43562.57,2022-02-08 13:54:07.308,,BTC,1.3015
184.8,43513.64,BTC-11FEB22,BTC,-30.303,276.1,0.0085,0.00849194,0.004,0.0115,0.0,BTC-11FEB22-42000-P,0.0165,43562.57,2022-02-08 13:54:07.308,0.008,BTC,0.009
125.9,44413.75,BTC-24JUN22,BTC,2.6432,1845.8,0.11775,0.11778861,0.113,0.1165,0.0,BTC-24JUN22-50000-C,0.1325,43562.57,2022-02-08 13:54:07.308,0.117,BTC,0.1185
72.7,43584.63,BTC-25FEB22,BTC,5.2632,969.1,0.10275,0.10319666,0.093,0.1,0.0,BTC-25FEB22-40000-C,0.132,43562.57,2022-02-08 13:54:07.308,0.1,BTC,0.1055
0.0,43677.69,BTC-25MAR22,BTC,,820.9,,0.00033253,,0.0001,0.0,BTC-25MAR22-200000-C,,43562.57,2022-02-08 13:54:07.308,,BTC,0.0005
0.0,43677.51,BTC-25MAR22,BTC,,12.1,0.589,0.58984197,,0.498,0.0,BTC-25MAR22-18000-C,,43562.57,2022-02-08 13:54:07.308,0.5845,BTC,0.5935
0.0,43584.63,BTC-25FEB22,BTC,,200.5,,0.00032782,,0.0005,0.0,BTC-25FEB22-20000-P,,43562.57,2022-02-08 13:54:07.308,,BTC,0.0005
5.4,43513.64,BTC-11FEB22,BTC,-50.0,818.9,,0.00069437,0.0005,0.0005,0.0,BTC-11FEB22-36000-P,0.001,43562.57,2022-02-08 13:54:07.308,,BTC,0.001
0.0,43584.63,BTC-25FEB22,BTC,,0.0,0.44425,0.45012799,,,0.0,BTC-25FEB22-24000-C,,43562.57,2022-02-08 13:54:07.308,0.3895,BTC,0.499
0.0,43677.69,BTC-25MAR22,BTC,,15.9,0.4325,0.43259403,,0.483,0.0,BTC-25MAR22-25000-C,,43562.57,2022-02-08 13:54:07.308,0.429,BTC,0.436
0.0,43584.63,BTC-25FEB22,BTC,,683.2,,0.00025072,,0.0005,0.0,BTC-25FEB22-80000-C,,43562.57,2022-02-08 13:54:07.308,,BTC,0.0005
0.0,43584.63,BTC-25FEB22,BTC,,0.0,,2.2119192,,,0.0,BTC-25FEB22-140000-P,,43562.57,2022-02-08 13:54:07.308,,BTC,
131.2,43513.64,BTC-11FEB22,BTC,8.5106,453.1,0.02775,0.02749778,0.0235,0.0255,0.0,BTC-11FEB22-43000-C,0.042,43562.57,2022-02-08 13:54:07.308,0.027,BTC,0.0285
0.0,43584.63,BTC-25FEB22,BTC,,115.1,0.20225,0.20297469,,0.1885,0.0,BTC-25FEB22-35000-C,,43562.57,2022-02-08 13:54:07.308,0.1985,BTC,0.206
0.0,45166.66,BTC-30SEP22,BTC,,0.0,,4.53758519,,,0.0,BTC-30SEP22-250000-P,,43562.57,2022-02-08 13:54:07.308,,BTC,
127.8,43960.44846041569,SYN.BTC-29APR22,BTC,-5.0,419.7,0.0095,0.00947178,0.008,0.0095,0.0,BTC-29APR22-25000-P,0.01,43562.57,2022-02-08 13:54:07.308,0.009,BTC,0.01
0.2,43513.64,BTC-11FEB22,BTC,0.0,58.7,0.27475,0.26474212,0.27,0.27,0.0,BTC-11FEB22-32000-C,0.27,43562.57,2022-02-08 13:54:07.308,0.1645,BTC,0.385
0.0,43584.63,BTC-25FEB22,BTC,,0.0,,1.52370129,,,0.0,BTC-25FEB22-110000-P,,43562.57,2022-02-08 13:54:07.309,,BTC,
2.2,44413.75,BTC-24JUN22,BTC,50.0,388.0,0.001,0.00089949,0.001,0.0015,0.0,BTC-24JUN22-250000-C,0.0015,43562.57,2022-02-08 13:54:07.309,0.0005,BTC,0.0015
94.5,43677.51,BTC-25MAR22,BTC,-4.5455,4173.5,0.01,0.00996726,0.0085,0.0105,0.0,BTC-25MAR22-30000-P,0.011,43562.57,2022-02-08 13:54:07.309,0.0095,BTC,0.0105
20.3,43531.340924834214,SYN.BTC-10FEB22,BTC,0.0,20.3,,0.00060217,0.0005,0.0005,0.0,BTC-10FEB22-38000-P,0.0005,43562.57,2022-02-08 13:54:07.309,,BTC,0.001
0.0,43531.340924834214,SYN.BTC-10FEB22,BTC,,0.0,,0.1277473,,,0.0,BTC-10FEB22-38000-C,,43562.57,2022-02-08 13:54:07.309,,BTC,
34.5,44413.75,BTC-24JUN22,BTC,-3.5971,1673.5,0.0705,0.07050717,0.06,0.067,0.0,BTC-24JUN22-35000-P,0.07,43562.57,2022-02-08 13:54:07.309,0.07,BTC,0.071
163.9,43677.69,BTC-25MAR22,BTC,-14.6341,651.9,0.01875,0.01890877,0.015,0.0175,0.0,BTC-25MAR22-34000-P,0.0205,43562.57,2022-02-08 13:54:07.309,0.018,BTC,0.0195
0.0,45863.66,BTC-30DEC22,BTC,,0.0,,4.45972063,,,0.0,BTC-30DEC22-250000-P,,43562.57,2022-02-08 13:54:07.309,,BTC,
0.0,43516.92,BTC-18FEB22,BTC,,0.0,0.20125,0.22122157,,,0.0,BTC-18FEB22-34000-C,,43562.57,2022-02-08 13:54:07.309,0.101,BTC,0.3015
0.0,43531.340924834214,SYN.BTC-10FEB22,BTC,,0.0,,0.00014305,,,0.0,BTC-10FEB22-36000-P,,43562.57,2022-02-08 13:54:07.309,,BTC,0.001
38.7,44413.75,BTC-24JUN22,BTC,-5.0633,1303.2,0.11475,0.11469599,0.1005,0.1125,0.0,BTC-24JUN22-40000-P,0.1185,43562.57,2022-02-08 13:54:07.309,0.114,BTC,0.1155
19.3,43960.44846041569,SYN.BTC-29APR22,BTC,0.0,149.4,0.00775,0.00776525,0.0075,0.0075,0.0,BTC-29APR22-80000-C,0.009,43562.57,2022-02-08 13:54:07.309,0.0075,BTC,0.008
0.0,43584.63,BTC-25FEB22,BTC,,0.0,,1.75335001,,,0.0,BTC-25FEB22-120000-P,,43562.57,2022-02-08 13:54:07.309,,BTC,
0.0,45863.66,BTC-30DEC22,BTC,,27.4,0.43325,0.43457121,,0.3715,0.0,BTC-30DEC22-30000-C,,43562.57,2022-02-08 13:54:07.309,0.428,BTC,0.4385
0.0,43677.69,BTC-25MAR22,BTC,,640.0,4.7235,4.72403233,,4.2101,0.0,BTC-25MAR22-250000-P,,43562.57,2022-02-08 13:54:07.309,4.6795,BTC,4.7675
0.0,43584.63,BTC-25FEB22,BTC,,0.1,,0.60682507,,0.943,0.0,BTC-25FEB22-70000-P,,43562.57,2022-02-08 13:54:07.309,,BTC,
371.0,43516.92,BTC-18FEB22,BTC,10.0,692.2,0.03425,0.03417035,0.029,0.033,0.0,BTC-18FEB22-44000-C,0.0575,43562.57,2022-02-08 13:54:07.309,0.0335,BTC,0.035
39.0,43549.04184905382,SYN.BTC-9FEB22,BTC,-2.8571,22.0,0.0195,0.01960478,0.015,0.017,0.0,BTC-9FEB22-43000-C,0.046,43562.57,2022-02-08 13:54:07.309,0.0185,BTC,0.0205
296.5,43513.64,BTC-11FEB22,BTC,11.7647,1334.1,0.009,0.00907799,0.008,0.0095,0.0,BTC-11FEB22-45000-C,0.0275,43562.57,2022-02-08 13:54:07.309,0.0085,BTC,0.0095
302.3,43513.64,BTC-11FEB22,BTC,15.2778,957.6,0.08325,0.08354023,0.072,0.083,0.0,BTC-11FEB22-40000-C,0.1115,43562.57,2022-02-08 13:54:07.309,0.081,BTC,0.0855
180.8,43584.63,BTC-25FEB22,BTC,-11.7647,847.4,0.0075,0.00745562,0.0062,0.0075,0.0,BTC-25FEB22-36000-P,0.009,43562.57,2022-02-08 13:54:07.309,0.007,BTC,0.008
0.1,43584.63,BTC-25FEB22,BTC,0.0,1377.7,,0.00034477,0.0005,0.0005,0.0,BTC-25FEB22-75000-C,0.0005,43562.57,2022-02-08 13:54:07.309,,BTC,0.001
101.7,45166.66,BTC-30SEP22,BTC,5.5944,164.8,0.1455,0.14528904,0.143,0.151,0.0,BTC-30SEP22-55000-C,0.159,43562.57,2022-02-08 13:54:07.309,0.1445,BTC,0.1465
309.8,43513.64,BTC-11FEB22,BTC,-50.0,412.8,,0.00048252,0.0005,0.0005,0.0,BTC-11FEB22-50000-C,0.002,43562.57,2022-02-08 13:54:07.309,,BTC,0.001
24.5,43549.04184905382,SYN.BTC-9FEB22,BTC,0.0,124.5,,0.00016111,0.0005,0.0005,0.0,BTC-9FEB22-39000-P,0.0005,43562.57,2022-02-08 13:54:07.309,,BTC,0.001
185.4,43677.69,BTC-25MAR22,BTC,0.0,3331.2,0.0055,0.00550171,0.005,0.0055,0.0,BTC-25MAR22-70000-C,0.006,43562.57,2022-02-08 13:54:07.309,0.005,BTC,0.006
0.1,43960.44846041569,SYN.BTC-29APR22,BTC,0.0,396.7,0.16875,0.16790974,0.1665,0.1665,0.0,BTC-29APR22-40000-C,0.1665,43562.57,2022-02-08 13:54:07.309,0.165,BTC,0.1725
347.5,43584.63,BTC-25FEB22,BTC,21.0526,2832.9,0.01125,0.011357,0.0095,0.0115,0.0,BTC-25FEB22-50000-C,0.02,43562.57,2022-02-08 13:54:07.309,0.011,BTC,0.0115
0.0,45863.66,BTC-30DEC22,BTC,,0.1,,0.83620819,,0.895,0.0,BTC-30DEC22-80000-P,,43562.57,2022-02-08 13:54:07.309,,BTC,1.298
6.6,44413.93,BTC-24JUN22,BTC,0.0,366.0,0.015,0.01501357,0.015,0.015,0.0,BTC-24JUN22-90000-C,0.0165,43562.57,2022-02-08 13:54:07.309,0.0145,BTC,0.0155
17.3,43516.92,BTC-18FEB22,BTC,-40.0,298.7,0.0015,0.00143195,0.0015,0.0015,0.0,BTC-18FEB22-32000-P,0.0025,43562.57,2022-02-08 13:54:07.309,0.001,BTC,0.002
1.1,44413.75,BTC-24JUN22,BTC,0.0,396.5,0.24325,0.2435505,0.253,0.253,0.0,BTC-24JUN22-50000-P,0.253,43562.57,2022-02-08 13:54:07.309,0.242,BTC,0.2445
0.0,43531.340924834214,SYN.BTC-10FEB22,BTC,,0.0,,1.076e-05,,,0.0,BTC-10FEB22-52000-C,,43562.57,2022-02-08 13:54:07.309,,BTC,0.001
8.7,43584.63,BTC-25FEB22,BTC,-25.0,389.1,0.00175,0.00173263,0.0015,0.0015,0.0,BTC-25FEB22-28000-P,0.002,43562.57,2022-02-08 13:54:07.309,0.0015,BTC,0.002
0.0,43584.63,BTC-25FEB22,BTC,,61.5,0.2245,0.22485511,,0.1465,0.0,BTC-25FEB22-34000-C,,43562.57,2022-02-08 13:54:07.309,0.2205,BTC,0.2285
0.0,43531.340924834214,SYN.BTC-10FEB22,BTC,,0.0,,0.12586604,,,0.0,BTC-10FEB22-49000-P,,43562.57,2022-02-08 13:54:07.309,,BTC,
0.1,43677.69,BTC-25MAR22,BTC,0.0,11.6,0.202,0.2021424,0.2105,0.2105,0.0,BTC-25MAR22-36000-C,0.2105,43562.57,2022-02-08 13:54:07.309,0.1985,BTC,0.2055
40.5,43531.340924834214,SYN.BTC-10FEB22,BTC,-40.0,40.4,0.001,0.00094291,0.0015,0.0015,0.0,BTC-10FEB22-47000-C,0.0025,43562.57,2022-02-08 13:54:07.309,0.0005,BTC,0.0015
5.7,43516.74,BTC-18FEB22,BTC,-33.3333,216.0,0.00125,0.00122745,0.001,0.001,0.0,BTC-18FEB22-30000-P,0.0015,43562.57,2022-02-08 13:54:07.309,0.001,BTC,0.0015
41.7,43531.340924834214,SYN.BTC-10FEB22,BTC,100.0,29.9,0.0055,0.00544718,0.003,0.007,0.0,BTC-10FEB22-42000-P,0.007,43562.57,2022-02-08 13:54:07.309,0.005,BTC,0.006
205.6,43516.74,BTC-18FEB22,BTC,15.625,327.3,0.0185,0.01849255,0.016,0.0185,0.0,BTC-18FEB22-46000-C,0.033,43562.57,2022-02-08 13:54:07.309,0.018,BTC,0.019
10.0,43584.63,BTC-25FEB22,BTC,0.0,272.0,0.00125,0.00123989,0.001,0.001,0.0,BTC-25FEB22-26000-P,0.001,43562.57,2022-02-08 13:54:07.309,0.001,BTC,0.0015
146.0,43549.04184905382,SYN.BTC-9FEB22,BTC,-66.6667,86.9,0.00075,0.00073925,0.0005,0.0005,0.0,BTC-9FEB22-46000-C,0.008,43562.57,2022-02-08 13:54:07.309,0.0005,BTC,0.001
23.3,43531.340924834214,SYN.BTC-10FEB22,BTC,500.0,20.5,0.00275,0.00271338,0.0005,0.003,0.0,BTC-10FEB22-41000-P,0.0035,43562.57,2022-02-08 13:54:07.309,0.0025,BTC,0.003
0.0,43516.74,BTC-18FEB22,BTC,,0.0,,0.49362449,,,0.0,BTC-18FEB22-65000-P,,43562.57,2022-02-08 13:54:07.309,,BTC,
0.0,43516.92,BTC-18FEB22,BTC,,0.0,,8.455e-05,,,0.0,BTC-18FEB22-65000-C,,43562.57,2022-02-08 13:54:07.309,,BTC,0.0005
0.0,43513.64,BTC-11FEB22,BTC,,0.0,,1e-08,,,0.0,BTC-11FEB22-70000-C,,43562.57,2022-02-08 13:54:07.309,,BTC,0.0005
0.0,43549.04184905382,SYN.BTC-9FEB22,BTC,,0.0,,0.10469987,,,0.0,BTC-9FEB22-39000-C,,43562.57,2022-02-08 13:54:07.309,,BTC,
0.0,43531.340924834214,SYN.BTC-10FEB22,BTC,,0.0,,0.0591263,,,0.0,BTC-10FEB22-46000-P,,43562.57,2022-02-08 13:54:07.309,,BTC,0.09
89.0,43516.74,BTC-18FEB22,BTC,-37.5,399.7,0.0085,0.00860768,0.0065,0.0075,0.0,BTC-18FEB22-39000-P,0.0125,43562.57,2022-02-08 13:54:07.309,0.008,BTC,0.009
38.2,43960.44846041569,SYN.BTC-29APR22,BTC,6.0345,47.3,0.12125,0.12189524,0.1035,0.123,0.0,BTC-29APR22-44000-P,0.123,43562.57,2022-02-08 13:54:07.309,0.12,BTC,0.1225
130.8,43584.63,BTC-25FEB22,BTC,12.1951,873.7,0.047,0.04713493,0.041,0.046,0.0,BTC-25FEB22-44000-C,0.07,43562.57,2022-02-08 13:54:07.309,0.0465,BTC,0.0475
0.0,43531.340924834214,SYN.BTC-10FEB22,BTC,,0.0,,0.06094892,,,0.0,BTC-10FEB22-41000-C,,43562.57,2022-02-08 13:54:07.309,,BTC,0.088
645.4,43516.74,BTC-18FEB22,BTC,25.0,428.1,0.0095,0.00954651,0.008,0.01,0.0,BTC-18FEB22-48000-C,0.02,43562.57,2022-02-08 13:54:07.309,0.009,BTC,0.01
0.7,43677.69,BTC-25MAR22,BTC,-25.0,1295.8,0.00175,0.00174236,0.0015,0.0015,0.0,BTC-25MAR22-90000-C,0.002,43562.57,2022-02-08 13:54:07.309,0.0015,BTC,0.002
0.0,43960.44846041569,SYN.BTC-29APR22,BTC,,2.5,0.22775,0.22763327,,0.1525,0.0,BTC-29APR22-36000-C,,43562.57,2022-02-08 13:54:07.309,0.223,BTC,0.2325
176.9,43549.04184905382,SYN.BTC-9FEB22,BTC,-60.0,92.6,0.0025,0.00230097,0.002,0.002,0.0,BTC-9FEB22-45000-C,0.0175,43562.57,2022-02-08 13:54:07.309,0.002,BTC,0.003
110.8,45166.48,BTC-30SEP22,BTC,-6.3291,652.9,0.03925,0.03921568,0.0345,0.037,0.0,BTC-30SEP22-25000-P,0.0395,43562.57,2022-02-08 13:54:07.309,0.0385,BTC,0.04
0.0,45166.48,BTC-30SEP22,BTC,,1.0,,1.2441209,,1.0,0.0,BTC-30SEP22-100000-P,,43562.57,2022-02-08 13:54:07.309,,BTC,1.618
0.0,43531.340924834214,SYN.BTC-10FEB22,BTC,,0.0,,0.04071286,,,0.0,BTC-10FEB22-42000-C,,43562.57,2022-02-08 13:54:07.309,,BTC,
22.2,43549.04184905382,SYN.BTC-9FEB22,BTC,-87.5,43.0,0.001,0.00089732,0.0005,0.0005,0.0,BTC-9FEB22-41000-P,0.004,43562.57,2022-02-08 13:54:07.309,0.0005,BTC,0.0015
558.2,43677.69,BTC-25MAR22,BTC,16.0221,1748.3,0.02175,0.02173786,0.0181,0.021,0.0,BTC-25MAR22-55000-C,0.028,43562.57,2022-02-08 13:54:07.309,0.0215,BTC,0.022
0.0,43677.69,BTC-25MAR22,BTC,,153.1,0.32325,0.32311272,,0.315,0.0,BTC-25MAR22-30000-C,,43562.57,2022-02-08 13:54:07.309,0.3195,BTC,0.327
5.0,43584.63,BTC-25FEB22,BTC,-20.0,1552.8,0.00225,0.00222771,0.002,0.002,0.0,BTC-25FEB22-30000-P,0.003,43562.57,2022-02-08 13:54:07.309,0.002,BTC,0.0025
0.0,44413.75,BTC-24JUN22,BTC,,1.1,,4.62986258,,5.31,0.0,BTC-24JUN22-250000-P,,43562.57,2022-02-08 13:54:07.309,0.0015,BTC,
110.2,43516.92,BTC-18FEB22,BTC,-12.5,96.5,0.024,0.0240764,0.0155,0.0245,0.0,BTC-18FEB22-42000-P,0.029,43562.57,2022-02-08 13:54:07.309,0.0235,BTC,0.0245
2.4,43677.69,BTC-25MAR22,BTC,0.0,239.2,0.002,0.0019547,0.0015,0.0015,0.0,BTC-25MAR22-18000-P,0.0015,43562.57,2022-02-08 13:54:07.309,0.0015,BTC,0.0025
0.0,44413.75,BTC-24JUN22,BTC,,22.9,0.60225,0.82346703,,0.773,0.0,BTC-24JUN22-80000-P,,43562.57,2022-02-08 13:54:07.309,0.1,BTC,1.1045
0.0,43513.64,BTC-11FEB22,BTC,,4.2,0.20625,0.19610828,,0.081,0.0,BTC-11FEB22-35000-C,,43562.57,2022-02-08 13:54:07.309,0.096,BTC,0.3165
20.5,44413.75,BTC-24JUN22,BTC,12.1951,834.0,0.0225,0.02235727,0.0205,0.023,0.0,BTC-24JUN22-80000-C,0.025,43562.57,2022-02-08 13:54:07.309,0.022,BTC,0.023
138.0,43516.74,BTC-18FEB22,BTC,-9.5238,173.0,0.017,0.01710586,0.0114,0.019,0.0,BTC-18FEB22-41000-P,0.021,43562.57,2022-02-08 13:54:07.309,0.0165,BTC,0.0175
0.0,44413.75,BTC-24JUN22,BTC,,356.3,0.6115,0.6123875,,0.925,0.0,BTC-24JUN22-70000-P,,43562.57,2022-02-08 13:54:07.309,0.5945,BTC,0.6285
0.0,43513.82,BTC-11FEB22,BTC,,0.0,,0.26389514,,,0.0,BTC-11FEB22-55000-P,,43562.57,2022-02-08 13:54:07.309,,BTC,0.864
0.0,45863.48,BTC-30DEC22,BTC,,0.0,,2.29311889,,,0.0,BTC-30DEC22-150000-P,,43562.57,2022-02-08 13:54:07.309,,BTC,2.704
0.0,43677.69,BTC-25MAR22,BTC,,131.5,0.60775,0.60816231,,0.6835,0.0,BTC-25MAR22-70000-P,,43562.57,2022-02-08 13:54:07.309,0.6035,BTC,0.612
2.0,43549.04184905382,SYN.BTC-9FEB22,BTC,-12.1622,2.3,0.03725,0.03806881,0.0325,0.0325,0.0,BTC-9FEB22-42000-C,0.037,43562.57,2022-02-08 13:54:07.309,0.035,BTC,0.0395
0.0,43513.64,BTC-11FEB22,BTC,,0.5,,0.14944215,,0.32,0.0,BTC-11FEB22-50000-P,,43562.57,2022-02-08 13:54:07.309,,BTC,0.75
15.0,45166.48,BTC-30SEP22,BTC,-1.5152,1627.5,0.06775,0.06768143,0.06,0.065,0.0,BTC-30SEP22-30000-P,0.066,43562.57,2022-02-08 13:54:07.309,0.0665,BTC,0.069
0.0,45166.66,BTC-30SEP22,BTC,,0.0,0.536,0.53670512,,,0.0,BTC-30SEP22-65000-P,,43562.57,2022-02-08 13:54:07.309,0.5295,BTC,0.5425
1.1,43513.64,BTC-11FEB22,BTC,1.6234,133.4,0.151,0.15048275,0.154,0.1565,0.0,BTC-11FEB22-37000-C,0.1565,43562.57,2022-02-08 13:54:07.309,0.1485,BTC,0.1535
0.0,45166.48,BTC-30SEP22,BTC,,13.0,0.57775,0.5776723,,0.4955,0.0,BTC-30SEP22-20000-C,,43562.57,2022-02-08 13:54:07.309,0.5735,BTC,0.582
0.0,44413.75,BTC-24JUN22,BTC,,1.7,,1.26232914,,0.81,0.0,BTC-24JUN22-100000-P,,43562.57,2022-02-08 13:54:07.309,0.0015,BTC,
0.0,43549.04184905382,SYN.BTC-9FEB22,BTC,,0.0,,2.2e-06,,,0.0,BTC-9FEB22-36000-P,,43562.57,2022-02-08 13:54:07.309,,BTC,0.0005
7.9,45863.48,BTC-30DEC22,BTC,7.2464,259.1,0.07125,0.07131488,0.069,0.074,0.0,BTC-30DEC22-90000-C,0.074,43562.57,2022-02-08 13:54:07.309,0.07,BTC,0.0725
0.3,43584.63,BTC-25FEB22,BTC,0.0,624.0,0.00075,0.00072335,0.0005,0.0005,0.0,BTC-25FEB22-70000-C,0.0005,43562.57,2022-02-08 13:54:07.309,0.0005,BTC,0.001
29.2,43513.64,BTC-11FEB22,BTC,-50.0,363.1,0.00175,0.00172434,0.0015,0.002,0.0,BTC-11FEB22-39000-P,0.004,43562.57,2022-02-08 13:54:07.309,0.0015,BTC,0.002
0.0,43677.69,BTC-25MAR22,BTC,,400.4,8.158,8.1580698,,7.3356,0.0,BTC-25MAR22-400000-P,,43562.57,2022-02-08 13:54:07.309,8.076,BTC,8.24
0.0,43960.44846041569,SYN.BTC-29APR22,BTC,,0.8,0.21725,0.24437732,,0.164,0.0,BTC-29APR22-35000-C,,43562.57,2022-02-08 13:54:07.309,0.0005,BTC,0.434
0.0,43531.340924834214,SYN.BTC-10FEB22,BTC,,0.0,,0.08052656,,,0.0,BTC-10FEB22-47000-P,,43562.57,2022-02-08 13:54:07.309,,BTC,
19.7,43960.44846041569,SYN.BTC-29APR22,BTC,5.8824,19.0,0.098,0.09827034,0.092,0.099,0.0,BTC-29APR22-42000-P,0.1,43562.57,2022-02-08 13:54:07.310,0.097,BTC,0.099
28.8,43531.340924834214,SYN.BTC-10FEB22,BTC,225.0,20.0,0.0115,0.01145396,0.004,0.013,0.0,BTC-10FEB22-43000-P,0.0145,43562.57,2022-02-08 13:54:07.310,0.011,BTC,0.012
0.0,43584.63,BTC-25FEB22,BTC,,329.5,,9.324e-05,,0.0005,0.0,BTC-25FEB22-90000-C,,43562.57,2022-02-08 13:54:07.310,,BTC,0.0005
0.0,43677.69,BTC-25MAR22,BTC,,2.1,,3.57936282,,2.8435,0.0,BTC-25MAR22-200000-P,,43562.57,2022-02-08 13:54:07.310,,BTC,
16.6,43677.69,BTC-25MAR22,BTC,-8.6207,300.1,0.0265,0.02636785,0.0215,0.0265,0.0,BTC-25MAR22-36000-P,0.029,43562.57,2022-02-08 13:54:07.310,0.026,BTC,0.027
0.0,43677.69,BTC-25MAR22,BTC,,2.0,,0.4964547,,0.428,0.0,BTC-25MAR22-65000-P,,43562.57,2022-02-08 13:54:07.310,,BTC,0.6355
0.0,44413.93,BTC-24JUN22,BTC,,0.0,,0.71695376,,,0.0,BTC-24JUN22-75000-P,,43562.57,2022-02-08 13:54:07.310,,BTC,1.008
268.3,43584.63,BTC-25FEB22,BTC,17.4603,1563.3,0.0375,0.03757291,0.0315,0.037,0.0,BTC-25FEB22-45000-C,0.0555,43562.57,2022-02-08 13:54:07.310,0.037,BTC,0.038
10.3,43960.44846041569,SYN.BTC-29APR22,BTC,11.5385,205.2,0.014,0.01398363,0.013,0.0145,0.0,BTC-29APR22-70000-C,0.015,43562.57,2022-02-08 13:54:07.310,0.0135,BTC,0.0145
524.9,43516.74,BTC-18FEB22,BTC,-21.2121,512.6,0.012,0.01202278,0.008,0.013,0.0,BTC-18FEB22-40000-P,0.0165,43562.57,2022-02-08 13:54:07.310,0.0115,BTC,0.0125
20.2,43677.69,BTC-25MAR22,BTC,-15.1596,1396.6,0.18475,0.18475129,0.151,0.1595,0.0,BTC-25MAR22-50000-P,0.188,43562.57,2022-02-08 13:54:07.310,0.181,BTC,0.1885
0.0,43516.74,BTC-18FEB22,BTC,,0.0,0.24625,0.26614868,,,0.0,BTC-18FEB22-32000-C,,43562.57,2022-02-08 13:54:07.310,0.146,BTC,0.3465
0.2,43513.82,BTC-11FEB22,BTC,0.0,0.3,0.32075,0.31063569,0.3155,0.3155,0.0,BTC-11FEB22-30000-C,0.3155,43562.57,2022-02-08 13:54:07.310,0.2105,BTC,0.431
72.0,43584.63,BTC-25FEB22,BTC,-10.7692,64.4,0.05675,0.05668458,0.038,0.058,0.0,BTC-25FEB22-44000-P,0.065,43562.57,2022-02-08 13:54:07.310,0.056,BTC,0.0575
0.0,45166.66,BTC-30SEP22,BTC,,26.5,0.53575,0.63048755,,1.0755,0.0,BTC-30SEP22-70000-P,,43562.57,2022-02-08 13:54:07.310,0.04,BTC,1.0315
73.6,44413.93,BTC-24JUN22,BTC,10.0,290.3,0.04775,0.04756277,0.0439,0.0495,0.0,BTC-24JUN22-65000-C,0.055,43562.57,2022-02-08 13:54:07.310,0.047,BTC,0.0485
1.1,43516.92,BTC-18FEB22,BTC,0.0,167.7,,0.00038112,0.0005,0.0005,0.0,BTC-18FEB22-60000-C,0.0005,43562.57,2022-02-08 13:54:07.310,,BTC,0.0005
0.0,43513.64,BTC-11FEB22,BTC,,0.0,,0.10456497,,,0.0,BTC-11FEB22-48000-P,,43562.57,2022-02-08 13:54:07.310,,BTC,0.7045
186.4,44413.75,BTC-24JUN22,BTC,-1.25,1567.0,0.0395,0.03949341,0.0335,0.0395,0.0,BTC-24JUN22-30000-P,0.04,43562.57,2022-02-08 13:54:07.310,0.039,BTC,0.04
38.2,43549.04184905382,SYN.BTC-9FEB22,BTC,31.1475,20.1,0.035,0.03552549,0.0115,0.04,0.0,BTC-9FEB22-45000-P,0.04,43562.57,2022-02-08 13:54:07.310,0.033,BTC,0.037
0.0,43516.74,BTC-18FEB22,BTC,,0.0,,0.26521943,,,0.0,BTC-18FEB22-55000-P,,43562.57,2022-02-08 13:54:07.310,,BTC,0.6655
0.0,43513.82,BTC-11FEB22,BTC,,536.7,,4e-08,,0.0005,0.0,BTC-11FEB22-25000-P,,43562.57,2022-02-08 13:54:07.310,,BTC,0.0005
38.9,43516.74,BTC-18FEB22,BTC,34.9515,486.9,0.05875,0.05896617,0.0515,0.0695,0.0,BTC-18FEB22-42000-C,0.084,43562.57,2022-02-08 13:54:07.310,0.057,BTC,0.0605
0.0,44413.75,BTC-24JUN22,BTC,,1.0,,3.50460908,,4.12,0.0,BTC-24JUN22-200000-P,,43562.57,2022-02-08 13:54:07.310,0.0015,BTC,
106.5,43960.44846041569,SYN.BTC-29APR22,BTC,-11.4943,320.2,0.0405,0.04048094,0.034,0.0385,0.0,BTC-29APR22-35000-P,0.0435,43562.57,2022-02-08 13:54:07.310,0.04,BTC,0.041
433.7,43677.69,BTC-25MAR22,BTC,-5.0,393.4,0.037,0.0369362,0.029,0.038,0.0,BTC-25MAR22-38000-P,0.04,43562.57,2022-02-08 13:54:07.310,0.0365,BTC,0.0375
1.0,45166.66,BTC-30SEP22,BTC,0.0,17.5,0.2205,0.2203447,0.2285,0.2285,0.0,BTC-30SEP22-45000-C,0.2285,43562.57,2022-02-08 13:54:07.310,0.219,BTC,0.222
0.0,43549.04184905382,SYN.BTC-9FEB22,BTC,,0.0,,0.17342258,,,0.0,BTC-9FEB22-36000-C,,43562.57,2022-02-08 13:54:07.310,,BTC,
0.0,45863.66,BTC-30DEC22,BTC,,0.0,,1.23673627,,,0.0,BTC-30DEC22-100000-P,,43562.57,2022-02-08 13:54:07.310,,BTC,1.6915
0.3,43960.44846041569,SYN.BTC-29APR22,BTC,0.0,172.2,0.00425,0.00423598,0.004,0.004,0.0,BTC-29APR22-20000-P,0.004,43562.57,2022-02-08 13:54:07.310,0.004,BTC,0.0045
240.3,43584.63,BTC-25FEB22,BTC,5.7692,586.7,0.02975,0.02965333,0.0256,0.0275,0.0,BTC-25FEB22-46000-C,0.0455,43562.57,2022-02-08 13:54:07.310,0.029,BTC,0.0305
22.6,45166.48,BTC-30SEP22,BTC,-0.6623,583.9,0.15675,0.15662676,0.145,0.15,0.0,BTC-30SEP22-40000-P,0.153,43562.57,2022-02-08 13:54:07.310,0.155,BTC,0.1585
30.5,43513.64,BTC-11FEB22,BTC,0.0,337.2,,0.00018988,0.0005,0.0005,0.0,BTC-11FEB22-33000-P,0.001,43562.57,2022-02-08 13:54:07.310,,BTC,0.0005
36.5,45166.66,BTC-30SEP22,BTC,-4.2056,78.3,0.10625,0.10642511,0.0995,0.1025,0.0,BTC-30SEP22-35000-P,0.107,43562.57,2022-02-08 13:54:07.310,0.105,BTC,0.1075
0.0,43549.04184905382,SYN.BTC-9FEB22,BTC,,0.0,,0.14803103,,,0.0,BTC-9FEB22-50000-P,,43562.57,2022-02-08 13:54:07.310,,BTC,
0.0,43677.69,BTC-25MAR22,BTC,,3.2,,2.43468045,,2.147,0.0,BTC-25MAR22-150000-P,,43562.57,2022-02-08 13:54:07.310,,BTC,
0.0,43584.63,BTC-25FEB22,BTC,,3.0,,0.83563121,,1.0815,0.0,BTC-25FEB22-80000-P,,43562.57,2022-02-08 13:54:07.310,,BTC,
0.0,43960.44846041569,SYN.BTC-29APR22,BTC,,0.0,,0.29857332,,,0.0,BTC-29APR22-32000-C,,43562.57,2022-02-08 13:54:07.310,,BTC,0.4635
10.2,45863.48,BTC-30DEC22,BTC,8.4848,404.1,0.08875,0.08868785,0.08,0.0895,0.0,BTC-30DEC22-30000-P,0.0895,43562.57,2022-02-08 13:54:07.310,0.0875,BTC,0.09
0.0,43677.69,BTC-25MAR22,BTC,,59.2,,1.29095876,,1.562,0.0,BTC-25MAR22-100000-P,,43562.57,2022-02-08 13:54:07.310,0.0015,BTC,
0.0,45166.66,BTC-30SEP22,BTC,,25.0,0.71175,0.8273706,,0.6275,0.0,BTC-30SEP22-80000-P,,43562.57,2022-02-08 13:54:07.310,0.2,BTC,1.2235
0.1,43513.64,BTC-11FEB22,BTC,0.0,154.2,0.17325,0.17337092,0.173,0.173,0.0,BTC-11FEB22-36000-C,0.173,43562.57,2022-02-08 13:54:07.310,0.171,BTC,0.1755
5.0,45863.66,BTC-30DEC22,BTC,0.0,31.6,0.037,0.03706843,0.04,0.04,0.0,BTC-30DEC22-120000-C,0.04,43562.57,2022-02-08 13:54:07.310,0.036,BTC,0.038
0.0,43677.69,BTC-25MAR22,BTC,,394.0,0.386,0.38599029,,0.656,0.0,BTC-25MAR22-60000-P,,43562.57,2022-02-08 13:54:07.310,0.382,BTC,0.39
0.0,43516.74,BTC-18FEB22,BTC,,0.0,,0.11255188,,,0.0,BTC-18FEB22-48000-P,,43562.57,2022-02-08 13:54:07.310,,BTC,0.194
130.7,43960.44846041569,SYN.BTC-29APR22,BTC,0.0,180.9,0.00325,0.00325114,0.003,0.0035,0.0,BTC-29APR22-100000-C,0.004,43562.57,2022-02-08 13:54:07.310,0.003,BTC,0.0035
3.9,43516.92,BTC-18FEB22,BTC,-3.2468,140.4,0.07525,0.07496742,0.0745,0.0745,0.0,BTC-18FEB22-41000-C,0.085,43562.57,2022-02-08 13:54:07.310,0.0735,BTC,0.077
71.4,45166.66,BTC-30SEP22,BTC,7.7922,1032.1,0.11875,0.11872513,0.1143,0.1245,0.0,BTC-30SEP22-60000-C,0.1245,43562.57,2022-02-08 13:54:07.310,0.1175,BTC,0.12
0.0,43516.74,BTC-18FEB22,BTC,,0.0,0.17875,0.1985138,,,0.0,BTC-18FEB22-35000-C,,43562.57,2022-02-08 13:54:07.310,0.0785,BTC,0.279
0.0,45863.48,BTC-30DEC22,BTC,,0.0,,3.3735423,,,0.0,BTC-30DEC22-200000-P,,43562.57,2022-02-08 13:54:07.310,,BTC,
0.0,43513.64,BTC-11FEB22,BTC,,0.0,0.42675,0.4254686,,,0.0,BTC-11FEB22-25000-C,,43562.57,2022-02-08 13:54:07.310,0.4055,BTC,0.448
6.7,43677.69,BTC-25MAR22,BTC,-33.3333,1151.0,0.00225,0.00223546,0.002,0.002,0.0,BTC-25MAR22-20000-P,0.003,43562.57,2022-02-08 13:54:07.310,0.002,BTC,0.0025
1.7,45166.66,BTC-30SEP22,BTC,0.0,617.7,0.01,0.01000069,0.01,0.01,0.0,BTC-30SEP22-150000-C,0.01,43562.57,2022-02-08 13:54:07.310,0.0095,BTC,0.0105
0.0,43516.74,BTC-18FEB22,BTC,,42.3,0.1115,0.11246999,,0.081,0.0,BTC-18FEB22-39000-C,,43562.57,2022-02-08 13:54:07.310,0.1045,BTC,0.1185
0.0,45166.48,BTC-30SEP22,BTC,,0.0,0.36225,0.36293129,,,0.0,BTC-30SEP22-55000-P,,43562.57,2022-02-08 13:54:07.310,0.3565,BTC,0.368
0.6,43513.64,BTC-11FEB22,BTC,0.0,1065.1,,1.147e-05,0.0005,0.0005,0.0,BTC-11FEB22-30000-P,0.0005,43562.57,2022-02-08 13:54:07.310,,BTC,0.0005
497.4,43549.04184905382,SYN.BTC-9FEB22,BTC,0.0,398.5,0.00775,0.00785095,0.0055,0.0075,0.0,BTC-9FEB22-44000-C,0.0365,43562.57,2022-02-08 13:54:07.310,0.0075,BTC,0.008
193.8,43677.69,BTC-25MAR22,BTC,-3.4483,691.9,0.0135,0.01346252,0.011,0.014,0.0,BTC-25MAR22-32000-P,0.015,43562.57,2022-02-08 13:54:07.310,0.013,BTC,0.014
2.0,43516.74,BTC-18FEB22,BTC,0.0,177.2,,6.326e-05,0.0005,0.0005,0.0,BTC-18FEB22-20000-P,0.0005,43562.57,2022-02-08 13:54:07.310,,BTC,0.0005
722.0,43677.69,BTC-25MAR22,BTC,5.4054,5469.3,0.04,0.03999372,0.037,0.039,0.0,BTC-25MAR22-50000-C,0.051,43562.57,2022-02-08 13:54:07.310,0.0395,BTC,0.0405
46.6,43584.63,BTC-25FEB22,BTC,-33.3333,976.1,0.00125,0.00122678,0.001,0.001,0.0,BTC-25FEB22-25000-P,0.0015,43562.57,2022-02-08 13:54:07.310,0.001,BTC,0.0015
89.6,43677.69,BTC-25MAR22,BTC,0.0,399.9,0.00125,0.0012301,0.0015,0.0015,0.0,BTC-25MAR22-16000-P,0.0015,43562.57,2022-02-08 13:54:07.310,0.001,BTC,0.0015
37.9,44413.75,BTC-24JUN22,BTC,-14.2857,1972.8,0.0095,0.00948474,0.009,0.009,0.0,BTC-24JUN22-20000-P,0.0105,43562.57,2022-02-08 13:54:07.310,0.009,BTC,0.01
525.8,43677.69,BTC-25MAR22,BTC,19.0476,2289.2,0.01225,0.01228121,0.0102,0.0125,0.0,BTC-25MAR22-60000-C,0.015,43562.57,2022-02-08 13:54:07.310,0.012,BTC,0.0125
0.0,43960.44846041569,SYN.BTC-29APR22,BTC,,0.0,,1.27783291,,,0.0,BTC-29APR22-100000-P,,43562.57,2022-02-08 13:54:07.310,,BTC,
0.0,43677.69,BTC-25MAR22,BTC,,0.0,0.23925,0.24047362,,,0.0,BTC-25MAR22-34000-C,,43562.57,2022-02-08 13:54:07.310,0.233,BTC,0.2455
1.1,43584.63,BTC-25FEB22,BTC,-33.3333,764.6,0.001,0.00091373,0.001,0.001,0.0,BTC-25FEB22-65000-C,0.0015,43562.57,2022-02-08 13:54:07.310,0.0005,BTC,0.0015
59.0,43513.64,BTC-11FEB22,BTC,-5.9322,505.6,0.106,0.10553583,0.111,0.111,0.0,BTC-11FEB22-39000-C,0.138,43562.57,2022-02-08 13:54:07.310,0.1035,BTC,0.1085
0.0,43516.74,BTC-18FEB22,BTC,,0.0,0.42125,0.42600751,,,0.0,BTC-18FEB22-25000-C,,43562.57,2022-02-08 13:54:07.311,0.4015,BTC,0.441
0.1,45863.66,BTC-30DEC22,BTC,0.0,40.3,0.055,0.05484124,0.05,0.05,0.0,BTC-30DEC22-25000-P,0.05,43562.57,2022-02-08 13:54:07.311,0.0535,BTC,0.0565
0.0,43960.44846041569,SYN.BTC-29APR22,BTC,,22.4,0.19725,0.19628413,,0.151,0.0,BTC-29APR22-38000-C,,43562.57,2022-02-08 13:54:07.311,0.1935,BTC,0.201
2.8,45166.48,BTC-30SEP22,BTC,0.0,2.8,0.09775,0.0975816,0.1,0.1,0.0,BTC-30SEP22-65000-C,0.1,43562.57,2022-02-08 13:54:07.311,0.0965,BTC,0.099
123.3,43960.44846041569,SYN.BTC-29APR22,BTC,1.6713,295.4,0.035,0.03511323,0.0295,0.0365,0.0,BTC-29APR22-34000-P,0.0365,43562.57,2022-02-08 13:54:07.311,0.0345,BTC,0.0355
1.2,43513.64,BTC-11FEB22,BTC,0.0,338.9,,1.26e-06,0.0005,0.0005,0.0,BTC-11FEB22-28000-P,0.0005,43562.57,2022-02-08 13:54:07.311,,BTC,0.0005
4.6,43531.340924834214,SYN.BTC-10FEB22,BTC,200.0,4.6,0.0015,0.00142834,0.0005,0.0015,0.0,BTC-10FEB22-40000-P,0.002,43562.57,2022-02-08 13:54:07.311,0.001,BTC,0.002
0.1,45166.66,BTC-30SEP22,BTC,0.0,49.3,0.404,0.40347058,0.41,0.41,0.0,BTC-30SEP22-30000-C,0.41,43562.57,2022-02-08 13:54:07.311,0.3985,BTC,0.4095
0.0,43516.92,BTC-18FEB22,BTC,,0.0,0.29175,0.31184115,,,0.0,BTC-18FEB22-30000-C,,43562.57,2022-02-08 13:54:07.311,0.1915,BTC,0.392
0.0,43960.44846041569,SYN.BTC-29APR22,BTC,,0.0,0.1775,0.17709912,,,0.0,BTC-29APR22-48000-P,,43562.57,2022-02-08 13:54:07.311,0.1755,BTC,0.1795
25.4,45166.66,BTC-30SEP22,BTC,-6.4593,27.0,0.2165,0.21666098,0.1955,0.1955,0.0,BTC-30SEP22-45000-P,0.209,43562.57,2022-02-08 13:54:07.311,0.2135,BTC,0.2195
0.0,43516.92,BTC-18FEB22,BTC,,0.0,,0.15412472,,,0.0,BTC-18FEB22-50000-P,,43562.57,2022-02-08 13:54:07.311,,BTC,0.2265
9.6,45863.48,BTC-30DEC22,BTC,7.1839,326.3,0.186,0.18566806,0.167,0.1865,0.0,BTC-30DEC22-40000-P,0.1865,43562.57,2022-02-08 13:54:07.311,0.184,BTC,0.188
11.0,44413.93,BTC-24JUN22,BTC,-11.1111,653.2,0.00425,0.00424183,0.004,0.004,0.0,BTC-24JUN22-15000-P,0.0045,43562.57,2022-02-08 13:54:07.311,0.004,BTC,0.0045
4.5,44413.75,BTC-24JUN22,BTC,0.4437,32.5,0.55275,0.55916766,0.5635,0.566,0.0,BTC-24JUN22-20000-C,0.566,43562.57,2022-02-08 13:54:07.311,0.5415,BTC,0.564
0.0,43677.69,BTC-25MAR22,BTC,,5.3,0.28075,0.28097119,,0.627,0.0,BTC-25MAR22-55000-P,,43562.57,2022-02-08 13:54:07.311,0.2765,BTC,0.285
424.4,43584.63,BTC-25FEB22,BTC,-18.75,1931.3,0.006,0.00596089,0.005,0.0065,0.0,BTC-25FEB22-35000-P,0.008,43562.57,2022-02-08 13:54:07.311,0.0055,BTC,0.0065
86.9,43516.92,BTC-18FEB22,BTC,-7.7922,75.0,0.03325,0.0335107,0.0215,0.0355,0.0,BTC-18FEB22-43000-P,0.0385,43562.57,2022-02-08 13:54:07.311,0.0325,BTC,0.034
0.0,43960.44846041569,SYN.BTC-29APR22,BTC,,0.0,,0.26175542,,,0.0,BTC-29APR22-34000-C,,43562.57,2022-02-08 13:54:07.311,,BTC,0.4435
217.9,43513.64,BTC-11FEB22,BTC,-50.0,427.1,0.00275,0.00270793,0.0015,0.003,0.0,BTC-11FEB22-40000-P,0.006,43562.57,2022-02-08 13:54:07.311,0.0025,BTC,0.003
0.0,43960.44846041569,SYN.BTC-29APR22,BTC,,0.0,,0.3371223,,,0.0,BTC-29APR22-30000-C,,43562.57,2022-02-08 13:54:07.311,,BTC,0.4845
157.7,43513.64,BTC-11FEB22,BTC,-50.0,341.5,0.0015,0.00146965,0.001,0.001,0.0,BTC-11FEB22-48000-C,0.006,43562.57,2022-02-08 13:54:07.311,0.001,BTC,0.002
0.0,43584.63,BTC-25FEB22,BTC,,0.0,,1.29429629,,,0.0,BTC-25FEB22-100000-P,,43562.57,2022-02-08 13:54:07.311,,BTC,
0.0,43584.63,BTC-25FEB22,BTC,,4.6,,0.4922939,,0.757,0.0,BTC-25FEB22-65000-P,,43562.57,2022-02-08 13:54:07.311,,BTC,
2.0,43584.63,BTC-25FEB22,BTC,0.0,317.6,0.18025,0.18146045,0.175,0.175,0.0,BTC-25FEB22-36000-C,0.175,43562.57,2022-02-08 13:54:07.311,0.178,BTC,0.1825
12.6,43677.69,BTC-25MAR22,BTC,0.0,903.4,0.001,0.00090573,0.001,0.001,0.0,BTC-25MAR22-15000-P,0.001,43562.57,2022-02-08 13:54:07.311,0.0005,BTC,0.0015
58.8,43960.44846041569,SYN.BTC-29APR22,BTC,-6.383,188.2,0.0465,0.0464827,0.039,0.044,0.0,BTC-29APR22-36000-P,0.047,43562.57,2022-02-08 13:54:07.311,0.046,BTC,0.047
0.0,44413.93,BTC-24JUN22,BTC,,0.0,,1.70816056,,,0.0,BTC-24JUN22-120000-P,,43562.57,2022-02-08 13:54:07.311,,BTC,
49.6,43549.04184905382,SYN.BTC-9FEB22,BTC,-75.0,67.5,0.0025,0.00241169,0.001,0.002,0.0,BTC-9FEB22-42000-P,0.008,43562.57,2022-02-08 13:54:07.311,0.002,BTC,0.003
233.2,43677.69,BTC-25MAR22,BTC,-8.0,2214.0,0.005,0.00497282,0.004,0.0046,0.0,BTC-25MAR22-25000-P,0.005,43562.57,2022-02-08 13:54:07.311,0.0045,BTC,0.0055
27.1,43584.63,BTC-25FEB22,BTC,-4.6667,229.9,0.0705,0.07006687,0.0485,0.0715,0.0,BTC-25FEB22-45000-P,0.0775,43562.57,2022-02-08 13:54:07.311,0.07,BTC,0.071
0.0,43531.340924834214,SYN.BTC-10FEB22,BTC,,0.0,,1.077e-05,,,0.0,BTC-10FEB22-34000-P,,43562.57,2022-02-08 13:54:07.311,,BTC,0.0005
113.9,43549.04184905382,SYN.BTC-9FEB22,BTC,-50.0,109.8,,0.00046447,0.0005,0.0005,0.0,BTC-9FEB22-47000-C,0.0045,43562.57,2022-02-08 13:54:07.311,,BTC,0.0005
27.1,43584.63,BTC-25FEB22,BTC,5.0,253.8,0.0095,0.00948056,0.0075,0.0105,0.0,BTC-25FEB22-37000-P,0.0105,43562.57,2022-02-08 13:54:07.311,0.009,BTC,0.01
0.0,43677.69,BTC-25MAR22,BTC,,57.9,,0.83459329,,1.197,0.0,BTC-25MAR22-80000-P,,43562.57,2022-02-08 13:54:07.311,,BTC,
54.4,43677.69,BTC-25MAR22,BTC,13.6364,2907.8,0.1355,0.13545902,0.132,0.15,0.0,BTC-25MAR22-40000-C,0.159,43562.57,2022-02-08 13:54:07.311,0.133,BTC,0.138
6.1,44413.93,BTC-24JUN22,BTC,0.0,819.6,0.0065,0.00649593,0.0065,0.0065,0.0,BTC-24JUN22-120000-C,0.0065,43562.57,2022-02-08 13:54:07.311,0.006,BTC,0.007
0.0,43516.74,BTC-18FEB22,BTC,,0.0,0.15375,0.15455567,,,0.0,BTC-18FEB22-37000-C,,43562.57,2022-02-08 13:54:07.311,0.1455,BTC,0.162
0.0,45863.66,BTC-30DEC22,BTC,,0.1,0.687,0.686903,,0.64,0.0,BTC-30DEC22-15000-C,,43562.57,2022-02-08 13:54:07.311,0.6825,BTC,0.6915
105.5,43960.44846041569,SYN.BTC-29APR22,BTC,-1.7241,161.6,0.1435,0.14294599,0.1425,0.1425,0.0,BTC-29APR22-42000-C,0.1625,43562.57,2022-02-08 13:54:07.311,0.1425,BTC,0.1445
13.5,45863.66,BTC-30DEC22,BTC,3.9106,790.0,0.09175,0.09189716,0.0895,0.093,0.0,BTC-30DEC22-80000-C,0.095,43562.57,2022-02-08 13:54:07.311,0.0905,BTC,0.093
0.0,43677.69,BTC-25MAR22,BTC,,0.2,,5.86861966,,5.4127,0.0,BTC-25MAR22-300000-P,,43562.57,2022-02-08 13:54:07.311,,BTC,
0.0,45166.66,BTC-30SEP22,BTC,,120.1,0.0015,0.00143742,,0.0015,0.0,BTC-30SEP22-350000-C,,43562.57,2022-02-08 13:54:07.311,0.001,BTC,0.002
89.3,43516.74,BTC-18FEB22,BTC,7.3171,187.4,0.0455,0.04543487,0.041,0.044,0.0,BTC-18FEB22-43000-C,0.0635,43562.57,2022-02-08 13:54:07.311,0.0445,BTC,0.0465
51.7,44413.93,BTC-24JUN22,BTC,22.1805,161.0,0.02825,0.02826471,0.0266,0.0325,0.0,BTC-24JUN22-75000-C,0.0325,43562.57,2022-02-08 13:54:07.311,0.0275,BTC,0.029
0.0,43960.44846041569,SYN.BTC-29APR22,BTC,,0.0,0.14825,0.14829515,,,0.0,BTC-29APR22-46000-P,,43562.57,2022-02-08 13:54:07.311,0.1465,BTC,0.15
18.3,43960.44846041569,SYN.BTC-29APR22,BTC,-15.9091,432.8,0.0195,0.01949683,0.0165,0.0185,0.0,BTC-29APR22-30000-P,0.022,43562.57,2022-02-08 13:54:07.311,0.019,BTC,0.02
27.8,43677.69,BTC-25MAR22,BTC,0.7143,40.8,0.06975,0.06974708,0.0525,0.0705,0.0,BTC-25MAR22-42000-P,0.0715,43562.57,2022-02-08 13:54:07.311,0.069,BTC,0.0705
0.0,44413.93,BTC-24JUN22,BTC,,592.9,0.0015,0.00143829,,0.002,0.0,BTC-24JUN22-200000-C,,43562.57,2022-02-08 13:54:07.311,0.001,BTC,0.002
0.1,43677.69,BTC-25MAR22,BTC,0.0,1167.8,,0.00024447,0.0005,0.0005,0.0,BTC-25MAR22-250000-C,0.0005,43562.57,2022-02-08 13:54:07.311,,BTC,0.0005
0.1,43677.69,BTC-25MAR22,BTC,0.0,1654.8,,0.00040773,0.0005,0.0005,0.0,BTC-25MAR22-150000-C,0.0005,43562.57,2022-02-08 13:54:07.311,,BTC,0.001
0.0,45863.66,BTC-30DEC22,BTC,,2.4,,5.54653618,,5.561,0.0,BTC-30DEC22-300000-P,,43562.57,2022-02-08 13:54:07.311,,BTC,
115.4,43513.82,BTC-11FEB22,BTC,-27.027,60.6,0.02725,0.0274401,0.0115,0.027,0.0,BTC-11FEB22-44000-P,0.037,43562.57,2022-02-08 13:54:07.311,0.0265,BTC,0.028
24.2,43960.44846041569,SYN.BTC-29APR22,BTC,-11.5556,156.2,0.102,0.10198753,0.0995,0.0995,0.0,BTC-29APR22-46000-C,0.1125,43562.57,2022-02-08 13:54:07.311,0.101,BTC,0.103
0.2,43531.340924834214,SYN.BTC-10FEB22,BTC,0.0,0.2,0.001,0.00090488,0.0005,0.0005,0.0,BTC-10FEB22-39000-P,0.0005,43562.57,2022-02-08 13:54:07.311,0.0005,BTC,0.0015
0.0,43513.64,BTC-11FEB22,BTC,,211.0,,0.0,,0.0005,0.0,BTC-11FEB22-20000-P,,43562.57,2022-02-08 13:54:07.311,,BTC,0.0005
132.7,43584.63,BTC-25FEB22,BTC,-10.3448,236.0,0.0355,0.03544205,0.024,0.039,0.0,BTC-25FEB22-42000-P,0.0435,43562.57,2022-02-08 13:54:07.311,0.035,BTC,0.036
28.7,44413.93,BTC-24JUN22,BTC,1.6077,870.8,0.159,0.15907328,0.1555,0.158,0.0,BTC-24JUN22-45000-C,0.17,43562.57,2022-02-08 13:54:07.311,0.158,BTC,0.16
0.0,43513.64,BTC-11FEB22,BTC,,74.4,,3.955e-05,,0.0005,0.0,BTC-11FEB22-55000-C,,43562.57,2022-02-08 13:54:07.311,,BTC,0.0005
34.8,44413.93,BTC-24JUN22,BTC,0.0,1964.9,0.01075,0.01074375,0.0105,0.0105,0.0,BTC-24JUN22-100000-C,0.012,43562.57,2022-02-08 13:54:07.311,0.01,BTC,0.0115
0.0,43549.04184905382,SYN.BTC-9FEB22,BTC,,0.0,,0.12508976,,,0.0,BTC-9FEB22-49000-P,,43562.57,2022-02-08 13:54:07.311,,BTC,
143.1,43513.64,BTC-11FEB22,BTC,10.9589,1139.9,0.04375,0.04336585,0.0355,0.0405,0.0,BTC-11FEB22-42000-C,0.0795,43562.57,2022-02-08 13:54:07.311,0.0425,BTC,0.045
0.0,43531.340924834214,SYN.BTC-10FEB22,BTC,,0.0,,0.00034266,,,0.0,BTC-10FEB22-49000-C,,43562.57,2022-02-08 13:54:07.311,,BTC,0.001
53.6,43516.74,BTC-18FEB22,BTC,-22.9008,45.4,0.05925,0.05936762,0.0385,0.0505,0.0,BTC-18FEB22-45000-P,0.0655,43562.57,2022-02-08 13:54:07.311,0.058,BTC,0.0605
0.0,45863.66,BTC-30DEC22,BTC,,0.2,0.64675,0.64843822,,0.5545,0.0,BTC-30DEC22-70000-P,,43562.57,2022-02-08 13:54:07.311,0.6395,BTC,0.654
0.0,43549.04184905382,SYN.BTC-9FEB22,BTC,,0.0,,2.306e-05,,,0.0,BTC-9FEB22-49000-C,,43562.57,2022-02-08 13:54:07.311,,BTC,0.0005
0.0,43584.63,BTC-25FEB22,BTC,,460.4,,3.91e-06,,0.0001,0.0,BTC-25FEB22-140000-C,,43562.57,2022-02-08 13:54:07.311,,BTC,0.0005
1.1,45166.66,BTC-30SEP22,BTC,-2.4096,661.3,0.0405,0.04038358,0.0405,0.0405,0.0,BTC-30SEP22-90000-C,0.0415,43562.57,2022-02-08 13:54:07.311,0.0395,BTC,0.0415
95.5,43584.63,BTC-25FEB22,BTC,33.3333,885.8,0.00175,0.00174761,0.0015,0.002,0.0,BTC-25FEB22-60000-C,0.003,43562.57,2022-02-08 13:54:07.311,0.0015,BTC,0.002
222.6,43516.74,BTC-18FEB22,BTC,8.8889,542.6,0.0255,0.02534614,0.021,0.0245,0.0,BTC-18FEB22-45000-C,0.0445,43562.57,2022-02-08 13:54:07.311,0.025,BTC,0.026
43.5,43584.63,BTC-25FEB22,BTC,47.0588,52.3,0.05825,0.05874716,0.051,0.075,0.0,BTC-25FEB22-43000-C,0.075,43562.57,2022-02-08 13:54:07.312,0.057,BTC,0.0595
0.0,45166.48,BTC-30SEP22,BTC,,0.1,,2.33105498,,1.93,0.0,BTC-30SEP22-150000-P,,43562.57,2022-02-08 13:54:07.312,,BTC,
0.0,43584.63,BTC-25FEB22,BTC,,1685.5,,7.109e-05,,0.0005,0.0,BTC-25FEB22-100000-C,,43562.57,2022-02-08 13:54:07.312,,BTC,0.0005
0.0,43960.44846041569,SYN.BTC-29APR22,BTC,,0.0,,0.82743067,,,0.0,BTC-29APR22-80000-P,,43562.57,2022-02-08 13:54:07.312,,BTC,
0.0,45166.48,BTC-30SEP22,BTC,,0.0,,3.43240445,,,0.0,BTC-30SEP22-200000-P,,43562.57,2022-02-08 13:54:07.312,,BTC,
0.0,43513.64,BTC-11FEB22,BTC,,0.0,,0.37875305,,,0.0,BTC-11FEB22-60000-P,,43562.57,2022-02-08 13:54:07.312,,BTC,0.979
27.1,43516.74,BTC-18FEB22,BTC,9.3407,255.6,0.093,0.09285752,0.091,0.0995,0.0,BTC-18FEB22-40000-C,0.0999,43562.57,2022-02-08 13:54:07.312,0.0905,BTC,0.0955
72.9,43584.63,BTC-25FEB22,BTC,-12.5,849.9,0.00325,0.00322783,0.003,0.0035,0.0,BTC-25FEB22-32000-P,0.0045,43562.57,2022-02-08 13:54:07.312,0.003,BTC,0.0035
12.0,43516.74,BTC-18FEB22,BTC,-30.7692,10.7,0.0135,0.01347137,0.013,0.0135,0.0,BTC-18FEB22-47000-C,0.0215,43562.57,2022-02-08 13:54:07.312,0.013,BTC,0.014
243.9,43584.63,BTC-25FEB22,BTC,-11.1111,224.5,0.016,0.01595092,0.011,0.016,0.0,BTC-25FEB22-39000-P,0.019,43562.57,2022-02-08 13:54:07.312,0.0155,BTC,0.0165
0.0,43584.63,BTC-25FEB22,BTC,,3.6,0.268,0.2690099,,0.1135,0.0,BTC-25FEB22-32000-C,,43562.57,2022-02-08 13:54:07.312,0.2645,BTC,0.2715
3.6,43677.69,BTC-25MAR22,BTC,-0.2242,341.2,0.22075,0.22094008,0.2225,0.2225,0.0,BTC-25MAR22-35000-C,0.234,43562.57,2022-02-08 13:54:07.312,0.218,BTC,0.2235
30.8,43531.340924834214,SYN.BTC-10FEB22,BTC,-71.4286,25.3,0.0025,0.00251251,0.002,0.002,0.0,BTC-10FEB22-46000-C,0.0075,43562.57,2022-02-08 13:54:07.312,0.002,BTC,0.003
0.0,43960.44846041569,SYN.BTC-29APR22,BTC,,0.0,,0.44082633,,,0.0,BTC-29APR22-25000-C,,43562.57,2022-02-08 13:54:07.312,,BTC,
0.0,43516.74,BTC-18FEB22,BTC,,0.0,0.5365,0.54051248,,,0.0,BTC-18FEB22-20000-C,,43562.57,2022-02-08 13:54:07.312,0.5165,BTC,0.5565
3.7,43513.64,BTC-11FEB22,BTC,0.0,997.1,,0.00037932,0.0005,0.0005,0.0,BTC-11FEB22-34000-P,0.0005,43562.57,2022-02-08 13:54:07.312,,BTC,0.001
4.5,43677.69,BTC-25MAR22,BTC,0.0,3327.6,0.0015,0.00144362,0.001,0.001,0.0,BTC-25MAR22-100000-C,0.002,43562.57,2022-02-08 13:54:07.312,0.001,BTC,0.002
0.0,45166.66,BTC-30SEP22,BTC,,0.0,0.67675,0.67687919,,,0.0,BTC-30SEP22-15000-C,,43562.57,2022-02-08 13:54:07.312,0.673,BTC,0.6805
242.8,43513.64,BTC-11FEB22,BTC,-20.0,542.6,0.005,0.00491643,0.004,0.004,0.0,BTC-11FEB22-46000-C,0.018,43562.57,2022-02-08 13:54:07.312,0.0045,BTC,0.0055
30.1,43513.64,BTC-11FEB22,BTC,-14.386,325.0,0.12775,0.12800919,0.122,0.122,0.0,BTC-11FEB22-38000-C,0.1535,43562.57,2022-02-08 13:54:07.312,0.1255,BTC,0.13
48.4,43513.82,BTC-11FEB22,BTC,-60.0,420.6,0.00125,0.0012185,0.001,0.001,0.0,BTC-11FEB22-38000-P,0.0025,43562.57,2022-02-08 13:54:07.312,0.001,BTC,0.0015
32.6,43960.44846041569,SYN.BTC-29APR22,BTC,3.0864,31.0,0.08525,0.08529987,0.081,0.0835,0.0,BTC-29APR22-48000-C,0.101,43562.57,2022-02-08 13:54:07.312,0.0845,BTC,0.086
18.2,43513.64,BTC-11FEB22,BTC,-33.3333,351.2,0.00075,0.00071287,0.001,0.001,0.0,BTC-11FEB22-37000-P,0.0015,43562.57,2022-02-08 13:54:07.312,0.0005,BTC,0.001
0.0,45863.48,BTC-30DEC22,BTC,,0.5,0.5935,0.59455352,,0.52,0.0,BTC-30DEC22-20000-C,,43562.57,2022-02-08 13:54:07.312,0.589,BTC,0.598
95.3,43584.63,BTC-25FEB22,BTC,-19.3548,559.0,0.01225,0.0123687,0.009,0.0125,0.0,BTC-25FEB22-38000-P,0.0155,43562.57,2022-02-08 13:54:07.312,0.012,BTC,0.0125
3.1,45166.48,BTC-30SEP22,BTC,5.8824,176.9,0.009,0.00898462,0.0085,0.009,0.0,BTC-30SEP22-15000-P,0.009,43562.57,2022-02-08 13:54:07.312,0.0085,BTC,0.0095
0.3,43677.69,BTC-25MAR22,BTC,0.0,533.0,0.00325,0.00323581,0.003,0.003,0.0,BTC-25MAR22-22000-P,0.0035,43562.57,2022-02-08 13:54:07.312,0.003,BTC,0.0035
0.0,43549.04184905382,SYN.BTC-9FEB22,BTC,,0.0,,0.15046849,,,0.0,BTC-9FEB22-37000-C,,43562.57,2022-02-08 13:54:07.312,,BTC,
